fingerprint	kind	verdict	date	reason
0008ca92eed54e7510480b6fc9768d9f869686c9	clone	consolidate	2026-09-05	done 2026-09-05 batch E4 (TTTrackTreeView): same createActions() family as the x9 clone above; prior audit fingerprint ed5beb47 names exactly TTAudioTreeView::createActions/TTCutTreeView::createActions/TT
001291feeba9fa9a33ddc818f997bec409783d71	convention	deliberate	2026-09-04	comment style, no structure; older forms remain in place per conventions.md
004901afb20dfcf0d37676a888961035d0bebac9	clone	deliberate	2026-09-12	`tth264videoheader.h:173-184` is a run of trivial getter/setter pairs (`frameNum()`/`setFrameNum()`, `poc()`/`setPoc()`, `pts()`/`setPts()` …) on `TTH264AccessUnit`; `ttsettings.h:344-356` is the same accessor shape on u
0053e742747495d3fba7f73377d456a8874c8418	clone	consolidate	2026-09-03	ttcut-demux:1303-1324 (AUDIO_MAP dedupe-by-index-prefer-language) and 1327-1345 (SUB_MAP, identical logic) are a byte-for-byte structural duplicate differing on
005eb5495929f334946005303f54243538a43de9	tool	deliberate	2026-09-04	same linear-harness convention as row 31.
009b0e7627ba50a18886883da58d5d3cda13ad95	tool	consolidate	2026-09-03	"`TTEncodeParameter TTTranscodeProvider::parameter() { return enc_par; }` — repo-wide search finds zero callers (`grep -rn ""\.parameter(\|->parameter(""` outside "
009b29d9ffd1bc16ab1be615aacba61fcbc27a3e	convention	deliberate	2026-09-03	"build-package.sh:3 `set -e`; build-package.sh:56 `read -p ... || CHANGELOG_MSG=""""` and build-package.sh:18 `trap '... || true' EXIT` are written specifically to"
00b83896b551bb10cce131f8679e8f6e94c797d9	clone	deliberate	2026-09-04	overlapping range of the same `Event`/`Recorder`/`dirEntries`/`clearDir`/`stateName` block covered in row 6/8; single class verdict.
00c51ca463cfb7d8c3b9ef05b2adc95f30953c17	tool	deliberate	2026-09-03	common/ttmessagelogger.h:27-28 makes the constructor private, and the only construction site is `new TTMessageLogger(mode)` inside getInstance() (common/ttmessa
00eb42a9681139f59edfe9712d0897202be723b7	tool	deliberate	2026-09-03	`(TTPicturesHeader*)header_list->getNextHeader(...)` is one of 15 old-style C-casts of header-list results in this same file (avstream/ttmpeg2videostream.cpp); 
00f80192c630d45e87e9e57831af2207e7065afe	tool	consolidate	2026-09-04	done 2026-09-04 batch B: `actCutIn` is only assigned via `menu.addAction(...)` (line 194) and later compared with `==` (line 240) — never mutated through this pointer.
01054e2797c40e89543c54dd5f36d978ed2c78db	tool	deliberate	2026-09-03	false positive — called at gui/ttcutsettingssearch.cpp:69.
0137e9b56d0aaca641b5049bf00b5ed896560991	clone	deliberate	2026-09-12	C1, same TTThreadTask wiring tail.
013f4d15388d1f258671d6b2178ac2ce123d718b	clone	deliberate	2026-09-12	internal fragment within one file/likely one function family, not cross-cutting; not read in full but low scanner token count (41) suggests a small local guard pair.
0178e9324c675def5c5fbb01867465481539c002	tool	deliberate	2026-09-03	"same function and same rationale as ""method-size TTFFmpegWrapper::cutAudioStream"" above (audio-cut-timing.md single-pass design) — the tool is right about the s"
01cef3babe04a5edea59bb9319630c56027f8b0f	method-size	consolidate	2026-09-03	"method is explicitly two passes by its own comments — ""Pass 1"" AU segmentation (avstream/ttnaluparser.cpp:812-897) and ""// Pass 2: Merge field pairs (PAFF)"" (av"
020f28f17cfb3d8a208cc30054ceffd1de8d20f7	tool	consolidate	2026-09-04	done 2026-09-04 batch B: `const int16_t* data = (const int16_t*)frame->data[...]` — mechanical fix to reinterpret_cast; identical pattern also at lines 820 (float) and 850 (int32) in th
022c6057a9aba6052b3b81b30ffec2bc804426bf	clone	consolidate	2026-09-03	ttcut-demux:1373-1374 (`START_PTS`/`AUDIO_START_PTS`, pre-repair) and 1510-1511 (`NEW_VIDEO_PTS`/`NEW_AUDIO_PTS`, post-repair) issue the identical `ffprobe ... 
022cd840bbc0d357edbac710c9ac2d5adfab3280	tool	deliberate	2026-09-03	"same `ok`/`bad` always-succeeds reasoning as line 170; `... && ok ""maximized=false ..."" \|| note ""...""` at line 182-184 (note() likewise ends in echo, always 0)"
02366e955538a01063694d2bbcee0e6e1bd1a416	tool	consolidate	2026-09-04	done 2026-09-04 batch B: `TTWindowGeometry ttLoadDialogSize(QSettings& settings, ...)` (ttwindowgeometry.cpp:53) only calls `.contains()`/`.value()` (both const QSettings methods), neve
024c4f9913c951ca0343854fc1989f0edd1a3fab	tool	deliberate	2026-09-03	"gate_encode_tempdir.sh:42 `cores=$(ls ""$OUT""/core* 2>/dev/null | wc -l)` counts core-dump files this same script created moments earlier with a fixed `core*` gl"
026b897a094aa390331dfe8a3760c5f3342750a7	tool	consolidate	2026-09-03	verified — TTAVData::createCutFileName(...) (ttavdata.cpp:1437-1444) only uses its parameters and TTSettings::instance(), no `this` use; declared in data/ttavda
02878f483f0d5928550b06c09527f46e2d7bbed0	tool	consolidate	2026-09-04	done 2026-09-04 batch B: data/ttstreampoint_audioworker.cpp:318-319, `endTag` only tested for null and passed to nothing that mutates it
028d205713eaac48aaaca88421f534bd5287e20c	tool	consolidate	2026-09-03	verified — TTCutPreviewTask::createPreviewCutList(TTCutList* cutList) (ttcutpreviewtask.cpp:799ff) only uses its parameter and TTSettings::instance(), no `this`
02aa13c2bcf13bdf377be70ce722678f3d6c62dc	tool	consolidate	2026-09-03	`TTH264AccessUnit::isCutOutPoint() const` (avstream/tth264videoheader.h:204, always returns true) has zero callers anywhere in the tree; distinct from the unrel
02c2ffb31b7d55e0841fe19bf2d99f1753b91d33	clone	consolidate	2026-09-04	done 2026-09-04 batch D: identical H.264 Annex-B start-code scan (5-bit NAL type, &0x1F) at extern/ttessmartcut.cpp:1849-1861 (poc-lsb patch), :1976-1989-ish (patchFrameNumInAU), :4634-
02c8bac94d5e2b8ef270b2ad28e3e39ad7059c42	clone	deliberate	2026-09-12	ttsettings.cpp:638-641 (tail of the StreamPoints `beginGroup`/`settings.value`/`endGroup` block) vs :673-676 (Screenshot `beginGroup`/`settings.value`/`endGroup` block) — `load()`'s per-group read idiom, documented by th
03165caf7d75e1f9c1c1ad1f3d912553cee00191	tool	consolidate	2026-09-03	`TTVideoIndex(){};` (avstream/ttavheader.h:138) leaves all three members (`display_order`, `header_list_index`, `picture_coding_type`, avstream/ttavheader.h:148
034f6262eb53a415ff74ddd1dcbfe5182095c403	tool	consolidate	2026-09-04	done 2026-09-04 batch C: `int gopIndex() const { return mGopIndex; }` on `TTH265AccessUnit` (tth265videoheader.h:203) — grep across the repo finds no caller.
0356cafa08ec816cd950259dc47e9fc745f48d16	tool	consolidate	2026-09-03	TTAVHeader::TTAVHeader() assigns all 6 members in the body (avstream/ttavheader.cpp:54-59: str_description, str_mode, str_bit_rate, str_sample_rate, header_star
0389a5fd51eaea0b3f9d3d27dd4cf0e74cd5cd6c	clone	consolidate	2026-09-12	"`if (mLog.suppressed() > 0) summary += tr("" (%1 more events suppressed)"").arg(mLog.suppressed()); mLog.line(summary);` tail duplicated for the silence summary (79-83) and the audio-change summary (403-407); the same tail"
0395c915cd22b9f2602f7ac37b46bf150a774487	clone	deliberate	2026-09-13	"tth264videoheader.h:173-180 trivial getter/setter idiom on TTH264AccessUnit; ttmarkerlist.h:37-41 same accessor shape on TTMarkerItem; same idiom ruled deliberate in verdicts.tsv rows 004901af…, d2374808… (""trivial inlin"
03a47a570fe905367fac236fbf6c21baa9a8ffd0	clone	consolidate	2026-09-03	isFrameBlack/buildHistogram share the decode+sample skeleton; part of the wrapper split (report block 2)
03ac9bf89ad869fcc6ed3aadbfdb377f2656b8f6	clone	consolidate	2026-09-12	`TTMkvMergeProvider` setup (`setDefaultDuration`/`setVideoCodecId`/`setAudioSyncOffset`/`mux(...)`) duplicated in `createH264PreviewClip` and `regenerateSmartCutPreviewClip`; the same setup recurs at #48 and (cross-modul
03ca3c56beb952a5b1ac57749e63bec0e5056d8f	clone	consolidate	2026-09-12	done 2026-09-13 run 3 batches A-H (lines rewritten, see git log 5924340b..8788b25f); was: sub-fragment of the same SPS scaling-list duplicate as the `192-207`/`184-191` rows above (ttframeindexer.cpp:183-187 vs ttmkvmerg
03efe9bbd63e6085f152dd9b5945b6636e3c72ff	tool	deliberate	2026-09-03	false positive — called at gui/ttcutavcutdlg.cpp:68,197, data/ttcutprojectdata.cpp:838, data/ttavdata.cpp:2042,2190.
040b3e9f6f0d8971115599516c4d640c52f13166	tool	deliberate	2026-09-04	two well-commented, domain-driven branches — tailMode DPB/runway prefill (extern/ttessmartcut.cpp:2664-2681) vs normal-path DECODER_RUNWAY backup-one-keyframe h
042951513b8a674365def1e9f3aba05e2dd94016	clone	consolidate	2026-09-12	"done 2026-09-13 run 3 batches A-H (lines rewritten, see git log 5924340b..8788b25f); was: C5, profile/target populate family. | target/reach: same as ""clone x5 (327-337)""."
04992d29dab25572522716817b8be5d930a4381c	tool	deliberate	2026-09-03	TTStagePlan (common/ttprogressestimator.h:22-27) is a plain aggregate; all three of its real construction sites (data/ttavdata.cpp:1618,1861,2524-ish, e.g. `pla
04a67f1c3cbe95d7ff9bc2e09ca5a33b70381fe6	tool	deliberate	2026-09-04	data/ttavdata.cpp:1534-1539, `keepListSeconds()` sums `(second-first)` pairs in a 3-line loop; converting to std::accumulate needs a lambda and is not shorter o
04dd07f9c9702cddaf58aba9d1e340dddd49be63	convention	deliberate	2026-09-04	comment style, no structure; older forms remain in place per conventions.md
04e1099e2ebd037995ddbc065bdd8dfdf41c15a6	tool	deliberate	2026-09-04	writeMsg(QString msgString) (ttmessagelogger.cpp:314) follows the same class-wide by-value convention as the other four rows.
05372c052b2af7577398d6333f3cf6a25894a261	tool	consolidate	2026-09-04	done 2026-09-04 batch B: `quint64 progress = 0;` declared at the top of `copySegment()` (line 155); scope can be narrowed to the loop that uses it — mechanical, no semantic risk.
0587adbb715629b8e2a92300911430e2ebaf0f36	clone	deliberate	2026-09-13	onSearchBlackFrame and onSearchSceneChange construct two different task classes from the same source bundle; what they share is already directedSearchSource() + launchDirectedSearch() (run 3, 026aa9fb)
0614460ca2eb2f023986a9975b94c54a8d3cd0fe	tool	deliberate	2026-09-03	same reasoning as line 191 above — `$(build_tux_timeline_args 1920 1080 50)` word-splitting is intentional.
063188160f22e386fc5ee26d579b7d861fe98f3f	clone	deliberate	2026-09-12	"the ""`mSubWrappers[i]->decodeFrame(batch[i])` if a per-worker decoder exists, else `decodeFrameAt(batch[i])`"" ternary is exactly the documented Codec-variant dispatch (detection-and-search.md Varianten-Matrix: ""Paralleli"
0654a4db2cc7101321c5414c8ab82c2877fe1181	clone	consolidate	2026-09-05	done 2026-09-05 batch F (ttcut-demux helpers, e0a2d4d4): `progress_set $(( PROGRESS_REPAIR_END + (100 - PROGRESS_REPAIR_END) * N / 10 ))` (grep confirms 3 occurrences: :2438 N=5, :2774 N=8, :2820 N=9) duplicates exact
06602939f022e5fb88aa269823080f2ece496f63	tool	consolidate	2026-09-03	gui/ttcutmainwindow.cpp:1928-1937 only uses its parameters and `TTSettings::instance()`, no `this` access.
068091f205751a061305753c0ae1d6cfd473f44c	tool	consolidate	2026-09-03	verified — TTAVData::computeTargetAcmods(...) const (ttavdata.cpp:2852-2865+) only reads its parameters and calls the static TTFFmpegWrapper::analyzeAcmod, no `
06979d3b52402f2ce78bc34de1c354f0f1ea4b1f	tool	deliberate	2026-09-03	cppcheck false positive from single-TU analysis — `decodeMPEG2Frame` is called from gui/ttquickjumpworker.cpp:92 (`mpeg2Decoder->decodeMPEG2Frame(formatRGB32)`)
069b81cbf519430b8b4d6e1189430bb944474e92	tool	deliberate	2026-09-03	false positive — called at gui/ttcutsettingsnavigation.cpp:49 and gui/ttcutmainwindow.cpp:886; cppcheck's single-module/no-whole-program analysis misses cross-d
069ccc2bbefb0dee4d29576192e8e8d3a94e5b70	tool	consolidate	2026-09-03	base declares `virtual bool readHeader(TTFileBuffer*) = 0;` (avstream/ttmpeg2videoheader.h:58); TTPicturesHeader::readHeader (avstream/ttmpeg2videoheader.h:158-
06b20ecfb66c59b842536dc4b80f515de21bd7e2	tool	consolidate	2026-09-03	base TTAVTypes declares `virtual ~TTAVTypes()` (avstream/ttavtypes.h:51); ~TTAudioType is therefore a true (if implicit) override — purely missing the C++11 key
06c60913f8e86407e14bf52963787ba1ffc769ce	tool	deliberate	2026-09-03	called at data/tth26xcuttask.cpp:464 and data/ttavdata.cpp:2127 (`TTMkvMergeProvider::generateChapterFile(...)`) — genuinely used across TUs; cppcheck false pos
06cfef9f9a792a9a297e4ab2118216651a27dc6c	tool	consolidate	2026-09-03	`pocValue()` (tth265videoheader.h:205), its setter `setPocValue()` (tth265videoheader.h:217) and backing field `mPocValue` (tth265videoheader.h:230) have no cal
06e1f0a15dedd202abe4b1c1b061f9e192424df0	tool	consolidate	2026-09-04	done 2026-09-04 batch B: same as TTStreamNavigator above — legacy holdout against the established `explicit` convention used by 14+ other gui classes.
06ee695e167ab72ece56182e2d01a52aec5d924b	tool	deliberate	2026-09-03	plain keyframe scan loop; std::find_if would not read better
06f17fb577ee96fcf9c5a22cfb0ff04defebed2c	clone	consolidate	2026-09-03	same underlying probe_pts_extreme duplication as the 2036-2038/2045-2047/2050-2052 row (2036-2039 vs 2050-2053 window).
073142d981891ed57d7a235d434cc09308c1f94a	tool	consolidate	2026-09-04	done 2026-09-04 batch B: `int segmentWidth = 0;` (line 91) is only assigned and read inside the same `if` branch further down (lines 118-124) — the outer-scope declaration is unnecessar
073ca33f8e54a53226a710311272680410b84412	tool	consolidate	2026-09-03	"`-map 0:$idx` (ttcut-demux:2604, subtitle byte-probe) — $idx is numeric; quoting `0:""$idx""` is mechanical, no behavior change."
075d1ef69249f42b588da804a370cc053c5a7801	tool	consolidate	2026-09-04	done 2026-09-04 batch B: constructor (data/ttcutpreviewtask.cpp:55-60) does not initialize mpPreviewCutList; it is first set in operation() (data/ttcutpreviewtask.cpp:136), but the dest
07846ff11d61f70da269fb9491cfe374bd035070	clone	consolidate	2026-09-03	"data/ttcutprojectdata.cpp:522-530, :526-534, :545-553, :549-557 are sliding-window re-detections of the same ""createElement→appendChild→createTextNode"" field pa"
07f2df56a8bebae7c0469fc39f9a01fec4e1b1b4	tool	deliberate	2026-09-03	"accept_window_geometry.sh:238 `[ ""$n"" = ""0"" ] && ok ... || bad ...` — same idiom, same always-0 `ok`/`bad` (lines 39-40)."
081685217badcf37dbabcae8ccdc65e17b490236	tool	consolidate	2026-09-04	done 2026-09-04 batch C: `TTMarkerList* markerList() { return mpMarkerList; }` (data/ttavlist.h:138) has zero call sites codebase-wide (grepped all .cpp/.h); sibling `audioDataList()` I
081a8b707e382fdb0d73b94b657b84dd9db0e302	class-size	unsure	2026-09-03	no class named QFile is defined in this file; grep finds only 12 `QFile::` static call sites (QFile::remove/exists/rename) and 24 `TTMessageLogger::` out-of-lin
08269110a3a46be603e3b93196c22a351f804e56	tool	consolidate	2026-09-04	done 2026-09-04 batch B: `beginStage()`'s raw linear-search loop (ttprogressestimator.cpp:82-88) has no design reason to stay hand-rolled.
082947f86a55e503eccf03ef67876bf99f7b1421	tool	deliberate	2026-09-03	false positive — called at gui/ttcutsettingsencoder.cpp:233, gui/ttcutavcutdlg.cpp:176, gui/ttcutsettingsencoderdefaults.cpp:102.
084497bf5ae4edbc55d562a910b116fc67bb2178	tool	consolidate	2026-09-04	done 2026-09-04 batch C: zero call sites project-wide for setFrameFrom, and its siblings setFrameTo/setChannelMask (extern/ttaudiorepairitem.h:26-27) are equally unreferenced, while set
08a1bc50f8585e3f93a65014100ba2cf6b9811c9	tool	consolidate	2026-09-03	"acm-cut.sh:59 `echo ""a$s $(ffmpeg ... -map a:$s -c copy -f md5 - ...)""` — `a:$s` is unquoted inside the nested command substitution. Low risk in practice ($s is"
08c9f1e4f647a74c751c74eb09cdb396f8c7c926	class-size	deliberate	2026-09-03	"85 out-of-line methods / 3192 lines (also file-size row below), but docs/code-map/INDEX.md's ""audio-cut-timing.md"" entry records this centralization as an expli"
08f4313adb736b5fe10aa1bc6e866472bef52875	clone	consolidate	2026-09-12	done 2026-09-13 run 3 batches A-H (lines rewritten, see git log 5924340b..8788b25f); was: audio-file-delete loop vs subtitle-file-delete loop inside the same deleteElementaryStreams-equivalent function — candidate for th
0909d827f97ff8d69f39c71cecc0b6cd69b3c8f8	tool	unsure	2026-09-03	base is `virtual const QString& TTAVHeader::bitRateString()` (avstream/ttavheader.h:65) but TTAC3AudioHeader/TTMpegAudioHeader both redeclare `QString& bitRateS
09103fa7e3a2111a4bf53ebc3ef16f3ed9218644	tool	deliberate	2026-09-03	false positive — called at gui/ttcutavcutdlg.cpp:203,344 and data/ttcutprojectdata.cpp:839.
0917cdafe21b026f4149416e17e095960d532623	clone	consolidate	2026-09-05	done 2026-09-05 batch E4 (TTTrackTreeView): createActions() — verified TTVideoTreeView's createActions() (ttvideotreeview.cpp:275-288) is also structurally identical to Audio/Subtitle's 4-action set (same
092a376e9413f3b6a24a3b2e7f745fff503ebf01	tool	deliberate	2026-09-04	"`read -r ZS ZE VL AL < ""$Z""` (line 61) — `ZS` is a required positional placeholder for a 4-field `read`; VL/AL are asserted at lines 62-65. Standard shell idiom"
09722799e11c573e9b3c6d90d1c75b1899258c3d	tool	deliberate	2026-09-03	`void setPts(int64_t pts) { mPts = pts; }` (avstream/tth264videoheader.h:186) shadows the sibling getter `pts()` (avstream/tth264videoheader.h:184) — the common
0993f899ad16463710fabf18f6f8eb6eb22529f3	tool	deliberate	2026-09-04	`(char*)&cBuffer[...]` at line 405 matches the pervasive C-style-cast convention throughout this legacy file family (e.g. the same `(TTPicturesHeader*)` cast pa
09ac866ec68708dec525859b669fa97336794b89	clone	consolidate	2026-09-12	done 2026-09-13 run 3 batches A-H (lines rewritten, see git log 5924340b..8788b25f); was: same duplicate as above, high-profile chroma/bit-depth prefix of the scaling-list walk (ttframeindexer.cpp:184-191 vs ttmkvmergepr
09bae29ad7f5730e60c7214fdcb1728eed455e7f	tool	deliberate	2026-09-03	false positive — called at gui/ttcutsettingsstreampoints.cpp:119.
09ee9968b9262f28a3d569b31186aa3c57b80bbe	tool	consolidate	2026-09-04	done 2026-09-04 batch B: `QMenu* contextMenu;` is declared as a private member (ttaudiotreeview.h:65) but never initialized or referenced anywhere except being shadowed every call by th
0a1fdd0f2c47c84f2fa63a0e79d03340ac8c6f0d	clone	deliberate	2026-09-13	data/ttavdata.cpp:89-105, gui/ttcutframenavigation.cpp:113-145 — same connect(pbX, &QPushButton::clicked, this, &Class::onX) idiom, verified by direct inspection. Qt connect-wiring idiom per docs/conventions.md.
0a399eed337e72f4f60a345f56fbf90820367c66	tool	deliberate	2026-09-03	false positive — called at gui/ttcutmain.cpp:212 and 5 sites in gui/ttcutmainwindow.cpp (417,442,462,581,1683).
0a41c1af9938955d1385df85ffb52bfef193b2fc	tool	consolidate	2026-09-04	done 2026-09-04 batch C: `const QList<TTAccessUnit>& accessUnits() const` (ttnaluparser.h:218) has zero callers repo-wide (grep-verified, only the declaration itself matches).
0a4f4ffc539f320041b264a852082cfabececfe2	tool	consolidate	2026-09-13	done 2026-09-13 run 4 batches A-E (lines rewritten, see git log ed6939fe..0400b9a0); was: finding class (no this access) is mechanical; not re-read. | target: static TTCutMainWindow::formatRemaining. | reach: signature o
0a79778851c9c4c7de599513875b837629c77277	clone	deliberate	2026-09-04	this is the settings-tab `TTSettings* s = TTSettings::instance(); widget->setX(s->getX())` / `s->setX(widget->x())` binding pattern, the established architectur
0a810455a15682124bda1310353fdd29dd7b793b	tool	consolidate	2026-09-03	test_silence_unavailable.cpp:47-51 `anyContains()` is a 4-line raw for-loop equivalent to `std::any_of`; no design point at stake, purely mechanical.
0a921d30eb519f2c037ff46eb2ab29e1081e0b69	tool	deliberate	2026-09-03	accept_window_geometry.sh:39-40 defines `ok(){ echo ...; pass=$((pass+1)); }` / `bad(){ echo ...; fail=$((fail+1)); }` — both end in a plain variable assignment
0ab0d0efc3a1681dd43b3fc3f37d486f930a49b6	tool	deliberate	2026-09-04	399-line single-`main` diagnostic harness with ~15 sequential scenario blocks (see row 21); matches the whole tools/diag convention of one linear repro/assertio
0ac58664302844fb053b4fc027022d70e44ab76c	clone	deliberate	2026-09-04	`H264NalType`/`H264SliceType` (tth264videoheader.h:20-67) vs H.265's NAL/slice enums (tth265videoheader.h:43-60) — spec-mandated (ITU-T H.264/H.265) constant ta
0b3d65aaef8ca0d9165044b276ea577fec5ca5bf	tool	consolidate	2026-09-04	done 2026-09-04 batch B: `TTVideoHeader* newHeader;` declared at line 231, well before its first use inside the function body — cppcheck's scope-reduction suggestion is a safe, mechanic
0b45643663450d324db2e69e7a3663319c8ca461	convention	deliberate	2026-09-03	common/ttexception.h:1-102 uses plain `/* ... */` banner/section comments throughout, no mixing; consistent within itself. Legacy plain-comment style predating 
0b504b2cd2e0eb77961cd0c0f5b1b55d4ca2fc0c	tool	deliberate	2026-09-03	"accept_window_geometry.sh:187 `grep -q ""@ByteArray"" ""$CONF"" && bad ... || ok ...` — same idiom, same always-0 `ok`/`bad`."
0b57bf3f16ac173104587fdc6e598b8d4e58d18e	tool	consolidate	2026-09-03	verified — computeNCC(const QVector<float>& a, const QVector<float>& b) const (data/ttlogodetector.cpp:266-285ish) uses only its parameters, no `this`/member st
0b95e445775b2d09fb37a027ad73287e0002bfea	clone	consolidate	2026-09-12	done 2026-09-13 run 3 batches A-H (lines rewritten, see git log 5924340b..8788b25f); was: within the same function (`decodeFrameYUV`'s YUV420P fast path), the Y-plane tight-pack memcpy loop (764-767) and the U/V-plane me
0b9d1841ae8075b1cc6e6fb5190e16482238644f	tool	consolidate	2026-09-04	done 2026-09-04 batch B: base `TTAVStream::~TTAVStream()` (ttavstream.h:63) and `TTVideoStream::~TTVideoStream()` (line 136) are both `virtual`; `TTSubtitleStream::~TTSubtitleStream()` 
0bb7767b410d56449eefa584fcd2d93636126299	clone	deliberate	2026-09-12	`cutSubtitleTracks` declaration (ttavdata.h) vs definition (ttavdata.cpp) — required C++ signature repetition, not a duplication defect.
0c08f40ff7e4d11d584d45187095dfb815a2a683	clone	deliberate	2026-09-04	data/ttcutprojectdata.cpp:822-855, single linear `if (name==TAG) TTSettings::instance()->setX(value)` dispatcher inside one function (parseSettingsSection); eac
0c14b5e604514b18ed45ced813f29a878524a3be	clone	deliberate	2026-09-12	"legacy static-pixmap/resource setup idiom (same reasoning as ""222-227"" row); ttcutpreview.cpp:78-87 is its own player-setup ctor tail (A8, kept-separate territory)."
0c1798423fa0a637d6ab961b4fbe6391a7bae620	tool	deliberate	2026-09-03	extern/ttffmpegwrapper.cpp:2924 calls `adoptStreamMetadata(bundle.isPAFF, bundle.frameMbsOnlyFlag, bundle.log2MaxFrameNum)` — the function is used; cppcheck's s
0c195d4f602c2e9b7243c38378379a43925d2e85	tool	consolidate	2026-09-04	done 2026-09-04 batch B: `h264Stream` is only used via `->getSPS()` (a const accessor) for read-only width/height — never mutated.
0c1ec7077af948e5662b38ef0ba6e519768e0d35	tool	deliberate	2026-09-04	`if (!extras.isEmpty())` occurs at dump_mpeg2_fields.cpp:36, 55 and 75, each guarding a separate, independently-commented output section (summary stats / machin
0c1f976619b3ccd7613c68b5c49a26cdc28af7f1	tool	deliberate	2026-09-04	`class QuickTask : public TTThreadTask` is a private, file-local test-helper class (anonymous scope) whose public fields (`operationReturned`, `cleanUpCalls`, `
0c22a8d9cd06093f1800e6ba84c734cf3e642198	tool	consolidate	2026-09-04	same function as the method-size finding above; same fix (extract openAudioDecoder()/buildSilenceDetectFilter()) directly reduces the branch/nesting count drivi
0c327d32cb5e1770481c46ceeb7c0eb5f6612798	tool	deliberate	2026-09-04	gate_audiofix.sh's own `ok`/`bad` helpers follow the identical always-0-return pattern (echo + counter assignment) as accept_window_geometry.sh; same provably-s
0c32c7a091c14dfae6c0f3e33a46a2b74237b7bf	tool	consolidate	2026-09-04	done 2026-09-04 batch B: data/ttframesearchtask.cpp:92-93, `TTH26xVideoStream* h26x = dynamic_cast<...>(mpReferenceStream)` used only to call the (const-compatible) frameIndexBundle() r
0c6f30e65fe61d64355b8219743df089d4f1b4bb	tool	consolidate	2026-09-03	same struct/finding as the row above (`width` and `height` are adjacent fields in the same uninitialized struct).
0c8e6963053fb71f091e1d1a8c2203a12d1cced6	tool	deliberate	2026-09-03	same function and same reasoning as the TTAVData::onCutFinished method-size row above — progress-reporting.md ties its abort/mplex/operation-bracket ordering sp
0cb085fcf3bfd2aa182394c89a4506f2d38ed687	method-size	consolidate	2026-09-04	229-line linear sequence of 16 numbered, self-contained `{ }`-scoped screenshot steps (project load/wait, 5 fixed-widget captures, stream-point analysis+wait, 7
0cbf75ca06c50bc4ff0bc52abedb60b00a6df4cd	tool	deliberate	2026-09-03	same reasoning as line 394 above (`$(build_duplicate_timeline_args 720 576 25)`).
0cc35d93b8a0b33ea022f220b600a39b240d73fc	tool	consolidate	2026-09-03	extern/ttffmpegwrapper.h:69-77 — `TTFrameInfo` is a plain struct with no constructor; `packetSize` (and most fields) have no default member initializer (only `d
0ccbbd7df1188f4b123af0650a14c4869871efc8	convention	deliberate	2026-09-03	test_mpeg2_seek.cpp:1-7 carries the SPDX/original-TTCut header block, and its body is consistently 4-space indented (e.g. line 49); same legacy-convention class
0d0a0f003829fb05133b1f77ac7020c8f74da29e	clone	deliberate	2026-09-03	"ttcut-demux:1172-1174 `find ""$INPUT_DIR"" -maxdepth 1 -name ""$VDR_PATTERN"" -print0 | sort -z` piped into `while IFS= read -r -d ''` is the standard VDR-segment-e"
0d1897898c6366351537bd5536c330b130abf014	tool	consolidate	2026-09-03	ttmpeg2window2.cpp:366 `if (TTH26xVideoStream* h26x = dynamic_cast<TTH26xVideoStream*>(vStream))`; only member called on it is `provideFrameIndexTo`, declared `
0d33ac4e9644f77c8f1d57902797699e7151946a	tool	deliberate	2026-09-03	same reasoning as line 394 above (`$(build_duplicate_timeline_args 1920 1080 25)`).
0d4a83ebf58ec151137772af2c92a45ed7bf3465	tool	consolidate	2026-09-04	done 2026-09-04 batch B: constructor (lines 44-48) sets `str_description`/`str_mode` but not `acmod`; `acmod` is later used as an array index (`AC3Mode[acmod]`, `AC3AudioCodingMode[acmo
0d50a9a3227c77ee0d943cfc45ca1f15a45fc802	tool	deliberate	2026-09-04	`sawMuxStage` is set true at test_partial_track.cpp:112 inside a Qt signal-handler lambda invoked asynchronously during `qApp->exec()`, then checked at lines 15
0d87028dae34ae8f43e34b913064fa2a754c71d9	tool	deliberate	2026-09-04	per-track drain loop with early returns, different algorithm from mux(); no clean target
0dd269d31b08921e728042345640edd6040c7651	clone	consolidate	2026-09-12	"done 2026-09-13 run 3 batches A-H (lines rewritten, see git log 5924340b..8788b25f); was: ""Defekt: …""/""Audio-Gap: …"" description-building lines — part of the #33 cluster-building family. | target/reach: same as #33."
0ddabe70ece9e42ea8023f934e35e01ad275c059	clone	consolidate	2026-09-12	"done 2026-09-13 run 3 batches A-H (lines rewritten, see git log 5924340b..8788b25f); was: C5, populateMuxerProg vs populateH264Profiles-style populate idiom, part of the same family. | target/reach: same as ""clone x5 (32"
0ddaf2c35ca003873591f10cecb4bd622e4481d6	clone	deliberate	2026-09-12	boundary of `updateQualityUI`'s tail and `setTabData`/`getTabData` — mixed with the getter/setter (C4) idiom rather than a clean third repetition of the case-block triplication already covered.
0de1ec07ad7d314efe577559cad9f4f69658a903	tool	consolidate	2026-09-04	done 2026-09-04 batch B: data/ttstreampoint_audioworker.cpp:321, `AVDictionaryEntry* durTag = av_dict_get(...)` only read (->value), never mutated
0de6c08ff6301e1e2757e1ebb7b99f1db3e8fc72	tool	consolidate	2026-09-04	done 2026-09-04 batch B: base `TTAVHeader` already declares `TTMessageLogger* log;` (ttavheader.h:82); `TTMpegAudioHeader`'s own copy (ttmpegaudioheader.h:124) is never referenced anywh
0df8724cdb28528f4d14e55e227c5216be679dc9	tool	consolidate	2026-09-04	done 2026-09-04 batch B: `TTPicturesHeader* nextPic = (TTPicturesHeader*)header_list->getNextHeader(...)` (line 649); only read afterward (`nextPic->temporal_reference`, line 654) — cpp
0e0459651b4df3082a2f86e84f91408440d5fdb3	tool	deliberate	2026-09-03	line 37-38 is `private slots:` — a valid Qt/moc keyword. cppcheck flags this whenever it isn't given Qt's macro definitions (`--library=qt`/`Q_OBJECT` config); 
0e3ebfb3918a84e6d2a4a99d458d581c515a359f	tool	consolidate	2026-09-04	done 2026-09-04 batch B: `TTStreamNavigator(QWidget* parent)` is a converting single-arg constructor; 14+ other gui classes in this same module (TTSettingsDialog, TTCutSettingsEncoderDe
0e44e0f89ece7fd2e0f4e7df5bf4ce56ac3198e1	tool	deliberate	2026-09-03	false positive — verified real caller at gui/ttcutmainwindow.cpp:538 (`logoData.markadPath = mLogoDetector->markadLogoPath();`). Same cross-TU scope gap as the 
0e52858de82164ee6090b69d057c8f615a364933	clone	consolidate	2026-09-12	done 2026-09-13 run 3 batches A-H (lines rewritten, see git log 5924340b..8788b25f); was: the display→decode `targetAU` mapping (`int targetAU = frameIndex; if (mBundle.displayMap.isValid() && …) targetAU = mBundle.displ
0e57236df2b421dce270867d587583987abcf88a	tool	consolidate	2026-09-04	done 2026-09-04 batch B: `firstHdr` (dynamic_cast result) is only read via `->frame_time` (line 716) after a null check — never mutated.
0e62f862f4456712613f303f43195762994c0b63	convention	documented	2026-09-03	same mechanism as above; common/ttthreadtaskpool.cpp:70,171,214,241,283,287,312,322,339 route through TTMessageLogger via the qInstallMessageHandler bridge docu
0e6b6f13f79d5bab2179a480d8b3af44e781a67a	clone	deliberate	2026-09-13	ttcurrentframe.cpp:747-750 one TTPlaybackMuxTask's signals; ttcutmainwindow.cpp:392-395 four unrelated TTCutTreeView signals to four receivers; connect()-sequence idiom
0e7a862daa0a9a3a57649ecfe78d81638497c9f0	tool	consolidate	2026-09-04	done 2026-09-04 batch B: only read (`prev_audio_header->abs_frame_time`, `->frame_time`, lines 41-42 of the surrounding block) — never reassigned through the pointer.
0ec5448f55c145b46ce23d47148d517c984e9ed1	tool	deliberate	2026-09-03	"ttcut-demux:2480-2498, `ENCODER=""-c:a aac -b:a ... -ac ...""` / `ENCODER=""-c:a copy""` then `ffmpeg ... $ENCODER ...` — `$ENCODER` is deliberately unquoted to spl"
0ed324ec247d46a3fdc2494f31f65ffe42c12b9f	tool	consolidate	2026-09-03	verified — TTCutParameter(TTFileBuffer* fBuffer) (ttcutparameter.h:31) is not marked `explicit`; single call site is data/ttcutvideotask.cpp:111 (`new TTCutPara
0f13dee31c9f632bd0924b80b14cb6a3d56a4075	tool	consolidate	2026-09-04	the function (ttframeindexer.cpp:164-227) linearly mixes NAL-search, profile/level read, the same scaling-matrix-skip block flagged as clone-row-15 above (189-2
0f2e8557f1266e35a20ac17a78924f4f4d02b093	tool	deliberate	2026-09-04	304-line file, same linear-harness convention as row 31.
0f4d5b461f106f9c0742296c2796e68bd2e87ccb	tool	deliberate	2026-09-03	false positive — called at gui/ttcutmainwindow.cpp:163.
0f5a05e0ee2d27ff6d49be59df798452629089de	tool	consolidate	2026-09-03	"gui/ttwindowgeometry.cpp:23-26 loops over `required = {""x"",""y"",""width"",""height""}` and returns early the moment any key is missing — a textbook `std::any_of` can"
0f5dc237964366789eae31973d1ba442ee6387e9	tool	consolidate	2026-09-05	"done 2026-09-05 batch E2 (CutSession + five steps, 717fcf5a): same function/root cause as ""TTAudioCutter::cut"" method-size row above"
0f7710659b90c92b0f7066702e8c54211c949f2a	tool	consolidate	2026-09-04	done 2026-09-04 batch B: data/ttopensubtitletask.h:32-37, cleanUp()/operation()/onUserAbort() lack override, same established-convention argument as above
0f7f25fe8606410f7ef83e1179aaf55567327925	clone	deliberate	2026-09-13	common/ttthreadtaskpool.cpp:127-141 (wireTask/disconnectTaskSignals); idiom class, 93 sites; docs/conventions.md cpp/connect_style: pointer — the convention itself, not duplication
0f82dd42a1d3c524273b3c20f44eb66f73f56543	tool	consolidate	2026-09-04	done 2026-09-04 batch B: base `TTHeaderList::~TTHeaderList()` (ttheaderlist.h:41) is `virtual`; `TTVideoHeaderList::~TTVideoHeaderList()` (ttvideoheaderlist.h:46) overrides without `ove
0f8fe520eb727998a8e4a29bd1c678242f7bc484	tool	deliberate	2026-09-04	cppcheck is wrong here — `readNalData` has two live callers at extern/ttessmartcut.cpp:1015-1016 (`mParser.readNalData(spsA)` / `(spsB)`). Cross-module (avstrea
0fa7bcac8c197251957090264e5b9beec03e1e7e	clone	consolidate	2026-09-12	"done 2026-09-13 run 3 batches A-H (lines rewritten, see git log 5924340b..8788b25f); was: C5. gui/ttcutavcutdlg.cpp:331-343 (`populateMuxTarget`, 9-item MPEG-2 target list ""Generic MPEG1 (f0)"" … ""DVD (f9)"") is byte-ident"
0fd709ffa208440bc13155f2c7e415b3573525f2	tool	deliberate	2026-09-04	587-line file; `selfTest()` runs the same multi-phase synthetic-material scenario chain as `main()` elsewhere in this family (row 15's mirror partner test_audio
1005ea6bcae3aa80e84ad7d4c6703705750bb3a0	tool	consolidate	2026-09-03	extern/ttffmpegwrapper.h:46-65 — same plain-struct-no-ctor situation as `TTFrameInfo` above.
1054f71b007e079380d434e7ef177c12f7995a2c	tool	deliberate	2026-09-04	482-line file, same linear cut-abort-harness convention as row 6/8/10 family.
10a62b7e4b2e01648194b03ff3bcfb04c397f48f	tool	consolidate	2026-09-04	done 2026-09-04 batch B: data/ttavlist.cpp:71, `void TTAVItem::setVideoStream(TTVideoStream* videoStream)` parameter shadows the member accessor `videoStream()` declared in data/ttavlis
10a7f7b823ed57a76b1e0b1fc3d2bd7773a9b692	clone	deliberate	2026-09-13	data/ttavdata.cpp:1221-1225 (connect(mpThreadTaskPool, exit/aborted, …)) vs gui/ttcutpreview.cpp:87-94 (connect(mPlayer, playerPlaying/Finished/Error, …)). Same Qt connect-wiring idiom as the x106/x55/x76 classes, just b
10fb15b8ed8896ecbac3cf395c16bb974bede383	method-size	consolidate	2026-09-04	roughly a third of this function's body (extern/ttaudiocutter.cpp:816-865) is the 3x-duplicated per-sample-format RMS loop flagged above; extracting that helper
11008f5ec85c81bba2a948d6bc7db020b3794518	method-size	deliberate	2026-09-03	"common/ttsettings.cpp:588-593 explains the method mirrors the QSettings group tree 1:1, task-by-task (""Tasks 4-13""), preserving exact on-disk key strings for ro"
1113250730f91ac99c7fb86dad7c6408f530186f	convention	documented	2026-09-12	same as above.
115070574d7886eab12b66b7ecb4f396ab5f5332	clone	deliberate	2026-09-12	"ttsettings.cpp:93-98 (`setStepSliderClick`, emits a signal) vs :375-380 (`setAudioLanguagePreference`, emits a signal) — both are the ""early-out + emit"" variant of the same documented setter idiom."
11538022b64b813e279e2e7b5b8ba23d1367129f	tool	deliberate	2026-09-03	false positive — called at gui/ttcutframenavigation.cpp:558.
115c2cf5fbfe5e89f8f6bf50b47d5cb17ad22604	tool	deliberate	2026-09-03	same as above — private constructor + single getInstance() construction site (common/ttmessagelogger.cpp:73-80); no assignment/copy call sites exist anywhere in
11706a01628470c79a0e47a5af54d88969cbc633	clone	deliberate	2026-09-03	list classes differ in signal semantics (clear/remove/update/swap); shared part ~50 lines per class, rulings.md batch D
117765d39cb44b8a6908cb72f37d6bde0cdfdd5c	tool	consolidate	2026-09-03	`TTH264AccessUnit::isCutOutPoint() const` (avstream/tth264videoheader.h:204, always returns true) has zero callers anywhere in the tree; distinct from the unrel
11a27da14b01743015d5c76c066bdf878793a28f	tool	consolidate	2026-09-04	"same function as the ""clone x3 (avstream/ttnaluparser.cpp:556-560)"" row's 4836-4840 site — it inlines its own SPS scaling-matrix walk duplicating parseH264SpsIn"
11db227ab93246ced1d148c06ce4945825cc9f62	tool	deliberate	2026-09-03	"ttcut-demux:3110 `ls -lh ""$OUTDIR/${BASENAME}""* | grep -v ""^total""` is the final human-readable summary listing (sizes, permissions) of the tool's own just-crea"
11ef800d64f3fc4a94a6326279f37c32b5ce89e5	tool	deliberate	2026-09-04	"`bar3` (line 96) is created the same way and is equally never read afterward — this is a manual/visual GUI test file (""does it animate?""), where the QProgressBa"
1218fa4e8dd2149693791be69b1d6c5b1662c5de	convention	deliberate	2026-09-03	test_aspectscan.cpp uses 4-space indent consistently throughout (e.g. lines 43-45); 26/80 tools/diag .cpp files carry the original-TTCut-style SPDX header (`gre
1219297f2de71adea0f34cd9db573f0f035e640d	tool	consolidate	2026-09-05	done 2026-09-05 batch F (section/AU/grid helpers, e0a2d4d4): 4 distinct phases in one function: collect valid PTS + sort (646-672), nominal-duration histogram (674-698), half-duration-run detection (716+), extras marking 
12326d55a1386369d842ac22dc85f4575635f4af	convention	deliberate	2026-09-12	"the flagged fields are `TTPlaybackMuxParams`' plain data members (outputFile, videoFile, isPAFF, …); the class's actual members (mParams, mProvider, mError, mSucceeded, mDiscard) are correctly `m`-prefixed. Every other """
12519a93f9633869dd1715b044d9dfae345526c1	tool	consolidate	2026-09-04	done 2026-09-04 batch B: data/ttavdata.cpp:2901, `TTMessageLogger* log = TTMessageLogger::getInstance();` inside TTAVData::cutAudioTracks shadows the existing member `TTMessageLogger* l
1271f9b85ee3c18fdbc98b0d56f3a20bccb941ed	clone	deliberate	2026-09-13	TTSettings getter/setter/early-out idiom, re-fingerprinted after batch A removed audioOnlyFormat(); settings-state.md documents the 76 plain App-Default fields, run-5 classifier ruled the class deliberate
12803d11243c8933166257a6beffd48b14703a12	clone	consolidate	2026-09-13	done 2026-09-14 (3c888bf1): same three parse guards as the class above, one window earlier
12ab2a35ccb4f4210edde966ff135f70ad64b9a5	tool	consolidate	2026-09-04	done 2026-09-04 batch B: `runCut(TTAVItem* avItem, const QString& workDir, ...)` (line 56) — `workDir` is never referenced in the function body (lines 57-95), only passed in at the two 
12d7a9189a7403b97d0af6ba6cc9af6dac695ff1	clone	documented	2026-09-13	ttcutlist.h:85-88 vs ttmarkerlist.h:68-71 append(TTAVItem*, <domain args>, order)/append(item)/remove/update; run-2 ruling. Note: project-lifecycle.md records TTMarkerList as a legacy carrier without a GUI reader — a lat
12ef3832a0955a32cea0848a19d6dce1efe850cc	clone	deliberate	2026-09-13	mainwindow.cpp:317-319, :334-336, :338-340, :2275-2284, ttcutsettingsstreampoints.cpp:37-41 — runs of 2-3 unrelated connect() statements.
1310e2f8f6aff40871ee2cdb1ab51a6cf7a20547	tool	consolidate	2026-09-04	done 2026-09-04 batch B: `struct Event { int state; QString msg; quint64 value; };` (line 139) is only ever populated via `mEvents.append({state, msg, value})` (aggregate init, confirme
1343a30ebb4eb87e658c34b7171b5d927f7e380f	tool	deliberate	2026-09-04	TTThreadTask(QString name) (ttthreadtask.cpp:26) is also legacy TTCut-original code (file header, same as ttmessagelogger.cpp) using the identical by-value QStr
1357b1e9f603da8d873f4bb274f477fd7a596dcc	tool	consolidate	2026-09-04	done 2026-09-04 batch B: data/ttcutpreviewtask.h:34 already marks the destructor `override`; operation()/cleanUp()/onUserAbort() (lines 46-48) were missed. Sibling task classes in the s
136772c82c5f2e0cc1a7d296f05892dbded237e1	tool	consolidate	2026-09-04	done 2026-09-04 batch C: grep for videoMaxBitrate/VideoMaxBitrate across the whole tree returns hits only inside extern/ttencodeparameter.h itself (getter :42, setter :41, field :64) — 
137c102d6b9934aee47b19c6cbef6252c488f011	convention	deliberate	2026-09-03	"avstream/ttvideoheaderlist.h:6 carries the ""Originally TTCut"" marker; legacy-file convention split as above."
1387a3c883b0c1a27df3a95955fc9a928afab41e	clone	deliberate	2026-09-12	coincidental shape match (TTCutOutFrame's icon/connect ctor tail vs TTCutSettingsPaths' directory-picker ctor tail); different domains.
1389c69c65dd76cc1c1b87cc0b617b5f8d52c579	clone	deliberate	2026-09-04	"matches 353-357 (end of `generate_mpeg2_720p`) + the ""Duplicate-segment generators"" doc-comment block (359-374) against 415-431 (end of `generate_mpeg2_720p_dup"
13b71eff6c4a5e3439e12d105ec09a4ac0c22a36	tool	consolidate	2026-09-12	evidence/target/reach: same as #191.
13bc42b199b7271dbc053c06bec6515e9c3ad8a1	tool	consolidate	2026-09-04	done 2026-09-04 batch B: `QString szTemp;` in `updateCurrentPosition()` (line 514) is never referenced again in that function (verified via grep — the only later `szTemp` uses at lines 
13c61bc93763d87fea5ac5cefe261834424ac621	clone	deliberate	2026-09-03	bounds-checked accessor idiom (audioTrack/nalUnitAt/...), five sites; no shared helper worth it
13cd22fa5e19f282060e3f23ad5e8efafa014902	clone	consolidate	2026-09-13	done 2026-09-13 run 4 batches A-E (lines rewritten, see git log ed6939fe..0400b9a0); was: ttcutframenavigation.cpp:314-321 (case Qt::Key_B) and :325-332 (case Qt::Key_F): byte-identical bodies, if (ctrl) emit prevBFrame(
1414a3ac09673c4fc5fc681324b324be28927c54	tool	deliberate	2026-09-04	"field of the private nested ReencodeContext struct (extern/ttessmartcut.cpp:175-183+), a plain aggregate ""context object"" passed by reference between reencodeFr"
1423dfb2a1f1c0affefadb1828ac5ec83951ee58	clone	deliberate	2026-09-12	`writeCutSection`/`writeMarkerSection` per-item write loops — per-type mirror, same family as #40/#80.
14a8b9a4a606d80a81ed87e7706cd3831b9aaa13	clone	deliberate	2026-09-04	"subset of the ""duplicate-section"" boundary idiom (373-379 HEVC-dup / 381-385 H.264-dup / 389-393 MBAFF-dup openings); same wrapper-function pattern, real per-co"
14b061ad717268641f9ac4f1ed4903da5919fa63	clone	consolidate	2026-09-12	C6, themed-icon-with-fallback idiom (gui/ttcutavcutdlg.cpp:47-59 icon block). | target/reach: same as C6 above.
14eb25b4df6374c79d89f116846626ffe64cf63d	clone	deliberate	2026-09-04	same connect()-wiring idiom (TTAVList's own forwarding connects vs. treeview onAVDataChanged wiring); each site binds a distinct signal/slot pair — cannot be fa
150f52182d8e39ed6eb818951ce631fed79d16eb	convention	consolidate	2026-09-03	common/ttmessagelogger.h:84-96 mixes `m`-prefixed members (mLogFilePath, mLogFileOpenAttempted) with unprefixed private members (logfile, logEnabled, logConsole
15136602639fb3a0ada6b473b4f10ef3af8ca0be	clone	deliberate	2026-09-04	"all four ranges are `field = settings.value(""Key/"", field).toType();` lines inside load() (ttsettings.cpp:598-782), the mechanical per-field QSettings-read idio"
15461649be125588e458a23b72b4e94032858b6d	clone	deliberate	2026-09-03	gate_audiofix.sh:479-480 `VDUR=$(ffprobe ... stream=duration ...); ADUR=$(ffprobe ... stream=duration ...)`; make_damage_fixtures.sh:31-33 same shape for `VPID=
156456b4570ad65556d9fe5833155b2f2998a19f	clone	consolidate	2026-09-12	done 2026-09-13 run 3 batches A-H (lines rewritten, see git log 5924340b..8788b25f); was: confirmed at gui/ttaudiorepairdialog.cpp:371-380 (`onPlayOriginal`) and :381-390 (`onPlayRepaired`) — identical 9-line bodies exce
157a3b36894394aa3ac9a5d068152b7e060bcec5	tool	consolidate	2026-09-04	done 2026-09-04 batch B: `int startX = clientRect.x();` (line 88) is unconditionally overwritten inside the loop (line 117: `startX = clientRect.x() + (int)(cutIn * scaleFactor);`) befo
15fe86edde9f0d19741eb5c24911894d654fe22e	tool	consolidate	2026-09-12	done 2026-09-13 run 3 batches A-H (lines rewritten, see git log 5924340b..8788b25f); was: evidence/target/reach: same as #205.
166888eb0ac4f7ec02c9c6b7484a65656e31a4c6	tool	consolidate	2026-09-04	done 2026-09-04 batch C: `grep -rn getClassName` outside common/ttexception.{h,cpp} returns nothing — the whole mechanism (base virtual at :32 plus 7 identical subclass overrides at 45,
1678d895ba9896ca083c744a388646ea9bede0d8	tool	deliberate	2026-09-04	same struct/idiom as framesToEncode above — QFile& reference field of ReencodeContext
16b8884888e19d35315222cb03fc3e6ad32112a7	tool	consolidate	2026-09-12	done 2026-09-13 run 3 batches A-H (lines rewritten, see git log 5924340b..8788b25f); was: evidence/target/reach: same as #111.
16ca2f73eca7cb877437d82e40d849a641d93562	tool	deliberate	2026-09-03	false positive — verified real caller at gui/ttcutmainwindow.cpp:2846 (`mLogoDetector->finalizeProfile();`). cppcheck's unusedFunction analysis apparently did n
1728795071f3c1be94b87eb0751b90111cb76303	clone	consolidate	2026-09-04	"done 2026-09-04 batch D: the ""for (f : mCreatedFiles) delete"" loop body at data/ttaudioonlycuttask.cpp:90-96, data/tth26xcuttask.cpp:104-110, data/ttmuxtask.cpp:104-110, and inline agai"
172d1d9a90c0acdd5b1ea563c779d251cc8df4e4	clone	consolidate	2026-09-12	done 2026-09-13 run 3 batches A-H (lines rewritten, see git log 5924340b..8788b25f); was: confirmed at gui/ttcutmainwindow.cpp:1992-2000 (`Init`) and :2019-2028 (`Start`) — identical `if (progressBar == 0) { progressBar 
174f37e0ba0afa9e79ffc637278d75c5d34aba9b	method-size	deliberate	2026-09-03	"246-line method. progress-reporting.md documents this function's internal ordering explicitly as load-bearing: ""`onDoCut`'s MPEG-2 branch counts `audioTracksCut"
1750dc94302e1fd88ae6083718b1aaf54cbf40dc	clone	deliberate	2026-09-04	ttcut-demux:1234-1238 checks `marks`/`marks.vdr` existence; vdr-demux-example.sh:240-245 checks `00001.ts`/`001.vdr` existence — different VDR-naming dualities 
17534996245ad8640fdbbb3a0dd8c3371cf05688	tool	deliberate	2026-09-03	line 39-40 is `public slots:`, same valid Qt keyword and same cppcheck configuration gap as the row above.
1755edf12f04e197c6b5341bc4c845d778bceff4	clone	consolidate	2026-09-12	done 2026-09-13 run 3 batches A-H (lines rewritten, see git log 5924340b..8788b25f); was: the `guardMax` headroom-to-second-keyframe computation is byte-for-byte identical in `decodeFrameInternal` (520-543) and `decodeFr
1758293d4897b65ab0ffb93c695e41184e1dd0e2	tool	deliberate	2026-09-13	once the overlap lookup moved to TTAVItem::findAudioRepairOverlapping (batch C) the remaining branching is the menu logic itself
177fda584c7c46e02d7077e80472cceefc9d79c7	clone	deliberate	2026-09-04	same early-out setter idiom (ttsettings.cpp:93-167), part of the file-wide idiom class.
178860b8adf04902ea3c6eaca1731d5b6156c690	clone	consolidate	2026-09-12	"all three are ""Step-report → call detectXxx() → append to allPoints → conditional qDebug with count"" inside operation() (audioworker.cpp:67-71 silence phase, :92-96 audio-change phase; videoworker.cpp:43-47 aspect phase)"
17c9b4d4f461cb49f6c1e412d141e6c9f5c4df66	clone	consolidate	2026-09-12	"""get first cut item's avItem/videoStream/sourceFile/frameRate"" preamble duplicated verbatim between the task and GUI preview paths, ahead of where they diverge (Option A). | target: small setup helper/struct populated on"
1817e04517592b48b8afd89908220893934d93d2	tool	deliberate	2026-09-12	same as #176.
184f68d46243bf7bbfca08a7eeb32d143555e981	clone	deliberate	2026-09-13	same cluster passes as ttavdata.cpp:587-590 (see there)
186285e40bf8391dad23c9709faefb48d7a88591	tool	deliberate	2026-09-04	same hierarchy-wide legacy consistency argument.
18964e95dddb16165e6856d8b1d1b18a31065849	clone	deliberate	2026-09-12	both are the constructor initializer-list + `mLog([this](...){ onStatusReport(...); }, N)` binding — inherent TTAnalysisLog wiring boilerplate documented as the deliberate, identical wiring contract shared by all three n
18cfab5ba3be153658a5c664deebb09ff5b3fa26	tool	consolidate	2026-09-04	done 2026-09-04 batch B: identical situation — `QMenu* contextMenu;` (ttsubtitletreeview.h:64) is dead, shadowed by the local variable at line 207; likely copy-pasted from/to ttaudiotre
18e6a9f4bb8321aea04366cbc26ede7280b48c20	clone	deliberate	2026-09-12	agent named it clone x2 (data/ttcutprojectdata.cpp:515-522); mapped by hand (rulings.md data-A)
191b871a0460f1f5a518798250c66d52e0025046	tool	consolidate	2026-09-03	gui/ttcutmainwindow.cpp:2479-2496 — the body only touches `TTSettings::instance()` and iterates `QApplication::topLevelWidgets()`; it never reads/writes `this`.
192570e4f1f65d2a24bf5be008cfef81af9bcf74	tool	deliberate	2026-09-04	`QString lastError() const { return mLastError; }` — QString is Qt's implicitly-shared (COW) value type, so by-value return is effectively free; identical idiom
195b3592b354f3a58545f2ca76226cc76e5a2c8c	tool	deliberate	2026-09-03	ttmpeg2decoder.cpp:173 `mpeg2Stream->read((char*)streamBuffer, streamBufferSize)` — `quint8*`→`char*` reinterpretation for QFile::read, a safe/standard pattern;
196a8631d17a37ab97f587099d4bc96e8e9b2145	clone	consolidate	2026-09-03	the 3-line sync/PID-extract idiom `if (pkt[0]!=TS_SYNC_BYTE) continue; int pid=((pkt[1]&0x1F)<<8)|pkt[2]; if (pid!=X) continue;` occurs verbatim at 133-136 (PAT
19ac5c3489cea57d21f6bccc090068ecf62cdfe0	clone	deliberate	2026-09-03	mirrors the user's private VDR_Demux.sh; both change together or neither (memory feedback_sync_vdr_demux_example)
1a17b7972911ae30c7d7e1d4e3b6ec6dbafbdb25	tool	consolidate	2026-09-12	done 2026-09-13 run 3 batches A-H (lines rewritten, see git log 5924340b..8788b25f); was: confirmed via repo-wide grep — no call site. | target: remove; reach: 1 line.
1a432bfc8c87ae3b91943f5faaa582ce1f8e8d5f	tool	documented	2026-09-03	"docs/code-map/frame-order.md's ""Assumptions, contracts & pitfalls"" section has a dedicated bullet for exactly this method: the `frameRate > 0` guard added in `2"
1a4ad6152deec2d3e619baccc47567760e200b52	tool	consolidate	2026-09-04	load() spans ttsettings.cpp:582-856, already internally divided into commented, symmetric group blocks (Navigation, StreamPoints, Common, Screenshot, Preview, S
1a63a8dd97ede52f27a009e7b28a39d84fadc682	clone	deliberate	2026-09-04	both sites are the `verify_stream_flag()` (make_test_video.sh:220-230) post-encode check idiom — `generate_h264_1080p_progressive` (267-271, checks progressive-
1a7fa81b31efb0ceaf493f9777637acbefedf958	tool	consolidate	2026-09-04	done 2026-09-04 batch B: `void *slot = report_append(...)` at 403, used only for the `if (!slot) return;` null check — the actual field writes go through `st->junk[st->njunk-1]`, never 
1a8a8c0063fe679e227fff3269d510cf7cbbf4d7	tool	consolidate	2026-09-03	"same class, `AUDIO_TRIM_SECS[$i]=""0""`."
1af12f173c1db07085309d0e4b2b413b6e859202	clone	consolidate	2026-09-05	"done 2026-09-05 batch F (ttcut-demux helpers, e0a2d4d4): ttcut-demux:1325-1329 (""Convert map to array, sorted by index"" for AUDIO_MAP→AUDIO_STREAMS) and :1335-1339 (same for SUB_MAP→SUBTITLE_STREAMS) are identical loo"
1b23f2c4901f3659ce41d1e08957658508f68755	tool	consolidate	2026-09-04	done 2026-09-04 batch B: `struct Report { qint64 atMs; int state; QString msg; quint64 value; };` (line 46), populated only via `reports.append({clock.elapsed(), state, msg, value})` (l
1b815a1d151ab48288af0e195be713ff7fc72fe4	clone	deliberate	2026-09-12	C1. gui/ttcurrentframe.cpp:815-822 (`connect(mMuxTask, &TTThreadTask::finished, ...); connect(mMuxTask, &TTThreadTask::aborted, ...)`) mirrors gui/ttcutmainwindow.cpp:1006-1017 (aspectTask) and :1163-1169 (anomalyTask) v
1b87a54c46d13033dc07869e7b8d57d99de361ae	clone	consolidate	2026-09-03	same family, mpeg2_576i_pal vs mpeg2_720p tail (298-316, 341-359).
1bb84953aecb533f8b0520d9493e9f6cba0d15ac	clone	deliberate	2026-09-12	C9/C4. gui/ttcutmainwindow.cpp:349-362 (`connectVideoSliderSignals`) and :1763-1777 (`openProjectFile`'s two `connect()` calls, R1 fix per code comment) are wiring idiom; the settings-page sites are C4 ctors.
1bc66bc7ddb3ba0e28343dbbef3b2a6c149a22bf	tool	deliberate	2026-09-04	gate_demux_gapsync.sh:75-77 explicitly comments that `progress_set_repair` (sourced from `.fns_repair.sh`, line 84) is skipped because `progress_set()` is stubb
1bd7f49e7d56129588fb1f30d23e0c4d964a97a4	convention	deliberate	2026-09-04	defines `TFrameInfo`, an explicit C-style POD `typedef struct` (ttframeinfo.h:22-32, `Y`/`U`/`V`/`width`/`height`…) shared with the libmpeg2 decoder boundary pe
1bfae3d51ebc04763f0062aa75638fbbf1eb2014	tool	deliberate	2026-09-04	the flagged loop (find-and-chop a matching suffix variant, ttcutmainwindow.cpp:1380-1382) sits among 3 other raw for-loops in the same function (lines 1357, 136
1c145b39441dd96bd8e94dfe550ada6c5c47138f	clone	deliberate	2026-09-04	subset of the 334-339 idiom class (three of its four sites); same reasoning — `encode_variant` already holds the shared logic
1c5821432c3501f5b6d5035d36cf42d5dc69c9bf	clone	documented	2026-09-12	"same ""return first match in batch, else -1"" Step-lambda tail as rows 19/21 above; part of the documented runDirectedSearch contract."
1c6eff9995ede1ac8d9fff15eaae5425f9f97c18	tool	consolidate	2026-09-12	over-threshold XML-parsing dispatch function; target: extract named per-tag-group parsing helpers; reach: one function in data/ttcutprojectdata.cpp.
1c9d71b915b9a4b584f5f47176e91a1dd5a391a2	convention	consolidate	2026-09-12	"measured 95 lines at 4-space indent, 85 at 8, 15 at 12 (multiples of 4) vs the project's 2-space majority (81%); docs/conventions.md's documented 4-space exception list is ""avstream/tth26*, ttnaluparser, extern/ttessmart"
1cbac183203a9cdb298cfcbe51760caa8beaf971	tool	consolidate	2026-09-04	done 2026-09-04 batch B: `TFrameInfo* info = decoder.getFrameInfo();` (line 115); only `info->Y`/`info->width`/`info->height` are read afterward (lines 116-123), never written. Correct,
1cbcbde2aed14c953fb4fd033f2f41da40c68926	tool	deliberate	2026-09-03	called at gui/ttcutmainwindow.cpp:1823 and :2717 — cppcheck's whole-program unusedFunction check only sees the file set it's given (module-scoped), missing the 
1cee430f2b3bac9ce6907fd030bcf9c5c92e7479	tool	deliberate	2026-09-04	same `ok`/`bad` always-succeed functions (accept_window_geometry.sh:161-162) as row 24.
1d3147f0ba7aa3d1b3b7eccf26c5ca68103a9547	clone	consolidate	2026-09-03	"same finding as ""clone x3 (ttac3audiostream.cpp:210-221)"" above — overlapping range of the identical createHeaderList() tail duplicated with avstream/ttmpegaudi"
1d3241ab4250bdc46dc3158ae0e33713281cbff4	convention	deliberate	2026-09-03	gate_h264_leading.sh:25 `set -euo pipefail`; uses `${1:?usage...}` parameter-expansion argument validation (line 26) that relies on nounset/errexit for fast-fai
1d648e49a1357a8cb9f21c15732761fa30e52ba7	tool	deliberate	2026-09-03	ttcut-audiofix.c:129-186 is a single-purpose MP2 CRC verification with mode-dependent subband/table lookups (`mp2_crc_nbal`, `mp2_crc_line`, `mp2_crc_sblimit`, 
1d71c817ec10097d2df42ebe6d1c8b01a9197a16	method-size	deliberate	2026-09-03	same physical method as TTCutPreviewTask::operation above (data/ttcutpreviewtask.cpp:130 is the `QFile::remove(fi.absoluteFilePath())` call inside operation()'s
1dd8a560726f16380781a5b4fa5ad006e1581f70	tool	deliberate	2026-09-12	same as #184.
1df069afc8cb6b51c4e6a25362fb34a6604782d2	tool	consolidate	2026-09-04	done 2026-09-04 batch B: `Event::value` (line 119) is stored via `add(state, msg, value)` (line 125) and captured from the signal lambda (lines 259-260), but the assertion loop (lines 3
1e8f32b8afd82d94d20e30c1359af43894f27029	clone	consolidate	2026-09-12	"done 2026-09-13 run 3 batches A-H (lines rewritten, see git log 5924340b..8788b25f); was: C5, populateMuxTarget/populateMpgTarget window (narrower slice of the ""327-337"" duplication). | target/reach: same as ""clone x5 (3"
1eb505b3c4fbb42c1449895165918d386d02022d	clone	consolidate	2026-09-12	done 2026-09-13 run 3 batches A-H (lines rewritten, see git log 5924340b..8788b25f); was: `if (!mPreBuiltFrameIndex.isEmpty()) { w->setFrameIndex(...); } else { TTFrameIndexer indexer; if (indexer.build(...)) w->setFrame
1ebed3567b1b223727b7cd1c00afea00e91126ec	clone	deliberate	2026-09-13	connect() list of the navigation constructor, re-fingerprinted after batch D removed the search connects (was clone x17/x15 ttcutframenavigation.cpp:139-150, deliberate: one connect per button-slot pair, pointer-style wi
1effb65b3d62fb69135d8b1f931eb209348ea6c1	clone	deliberate	2026-09-13	connect() list of the navigation constructor, re-fingerprinted after batch D removed the search connects (was clone x17/x15 ttcutframenavigation.cpp:139-150, deliberate: one connect per button-slot pair, pointer-style wi
1f4e3aeab8bcec6e5e34e9f30f445912315b4a4f	clone	consolidate	2026-09-05	done 2026-09-05 ttcut-demux rest pass: _probe_segment_timing for the three start_time/duration pairs of the multi-file scanners
200bcd381adae5c40f7814208c05c9b26bee0522	clone	consolidate	2026-09-04	"done 2026-09-04 batch D: identical setError() body — mLastError=error; TTMessageLogger::getInstance()->warningMsg/errorMsg(__FILE__,__LINE__,QString(""<Class> error: %1"").arg(error)); — "
20185c5c86073bf22d124133f3fd712e9f07e12c	clone	consolidate	2026-09-12	done 2026-09-13 run 3 batches A-H (lines rewritten, see git log 5924340b..8788b25f); was: the `x0/y0/x1/y1/step` border-box computation duplicated between the two functions — see Part 2.
20283bdda490031b44749a3022f23b304d773099	file-size	deliberate	2026-09-03	"same class as the class-size row above — 3192 lines is the direct consequence of the ""Konsolidiert (7849f66)"" centralization documented in audio-cut-timing.md a"
202cb3763aa717e523f0a83351ce5d1dc958de70	tool	unsure	2026-09-03	`TStreamInfo` (ttmpeg2decoder.h:82-90) is defined but never instantiated anywhere in the codebase (no `TStreamInfo` variable found outside the typedef itself) —
20487823f6482934647dffba1f508f44036c6d65	clone	consolidate	2026-09-12	done 2026-09-13 run 3 batches A-H (lines rewritten, see git log 5924340b..8788b25f); was: confirmed at gui/ttcurrentframe.cpp:329-346 (`onPrevIFrame`) and :351-368 (`onPrevPFrame`) — `newFramePos = videoStream->moveToXFr
206f320a567c05e3a53c880c36e117851c2488ca	convention	deliberate	2026-09-03	"avstream/ttmpeg2videoheader.cpp:6 carries the ""Originally TTCut"" marker; legacy-file convention split as above."
208735744c2ff86472311545bbe06b908edeeb8c	tool	consolidate	2026-09-12	done 2026-09-13 run 3 batches A-H (lines rewritten, see git log 5924340b..8788b25f); was: evidence/target/reach: mechanical, 1 line.
209a2f304db9556880d1cb9474903e4856f57643	tool	deliberate	2026-09-04	152-line file, same linear-harness convention as row 31.
211da05f6bff5a12735cfc74e3f6b77fc249ea31	clone	deliberate	2026-09-12	`writeAudioSection`/`writeSubtitleSection` per-track write loops in `serializeAVDataItem` — per-type mirror, same family as #13/#18.
211efde77ab3c191cd11bd95ff64d46bff06c06e	tool	consolidate	2026-09-03	`int64_t gap_values[8] = {3600, 3003, 1800, 1501, 3750, 7200, 6006, 0};` (line 711) is a local lookup table never written after init — cppcheck is correct, fix 
21a803145576fb102807afb42e6c6358e95b8f98	file-size	documented	2026-09-04	"docs/code-map/INDEX.md smart-cut.md entry: ""One class, runtime branches per codec/stream-type → one map with a variant matrix (Codec × PAFF/Non-IDR/Open-GOP/mid"
21aa2bc643739c01d6eaa816a7afada2bd09ca8c	convention	deliberate	2026-09-03	ttcut-demux:19 `set -e` plus the extensive cleanup-trap machinery (19-40) exists specifically to make `set -e` safe; docs/code-map/ttcut-demux.md:169-171 pitfal
22594264bfd5d1d766b82fe82edfb10bf0bc1627	tool	deliberate	2026-09-04	accept_window_geometry.sh:161-162 define `ok(){ echo ...; pass=$((pass+1)); }` / `bad(){ echo ...; fail=$((fail+1)); }` — plain assignment as the last statement
22a6a74a57763280ef2121cc8922ec1de47283e3	tool	consolidate	2026-09-12	done 2026-09-13 run 3 batches A-H (lines rewritten, see git log 5924340b..8788b25f); was: evidence/target/reach: same as #154 (map A5 dead-abort-slot finding).
22c232fb5d4551e8b11ab777829e01b5fde4e7e3	tool	consolidate	2026-09-03	`TTVideoIndex(){};` (avstream/ttavheader.h:138) leaves all three members (`display_order`, `header_list_index`, `picture_coding_type`, avstream/ttavheader.h:148
23493a115fb2e33bdfd0ba2d6a511518b92452fa	tool	consolidate	2026-09-03	gui/ttcutpreview.cpp:540-620+ mixes at least three concerns in one function: (1) save/restore the shared videoStream's playback position around the shift (541-5
235d4eac5998593047e3697607e08325ec66ab15	tool	deliberate	2026-09-12	"single-pass libav decode function; header comment (class doc, lines 24-26 of ttaudioanomalyscantask.h) states it is ""separated from decoding so the harness can exercise it without an AC3 file"" — its length is inherent li"
236906e27c2c1adb1f5a29fb02d957e47750618f	tool	consolidate	2026-09-12	done 2026-09-13 run 3 batches A-H (lines rewritten, see git log 5924340b..8788b25f); was: gui/ttcutavcutdlg.cpp:383-390, `TTSettings* s = TTSettings::instance();` is only used through getters (`s->mpeg2Muxer()` etc.) in 
238656de43b55fbc9b4775ff34b6e1a825930d5f	clone	consolidate	2026-09-12	done 2026-09-13 run 3 batches A-H (lines rewritten, see git log 5924340b..8788b25f); was: matches Part 2 finding A4 exactly — the binary-search-over-`extraIndices()` fragment inside `onPlayVideo` (gui/ttcurrentframe.cpp:
23c5c712a2e5e2b55562775dee8df4bdb4d79398	clone	deliberate	2026-09-03	data/ttavdata.cpp:84-87/95-97/1358-1363 and gui/ttcutavcutdlg.cpp:82-87, gui/ttcutpreview.cpp:90-92, gui/ttgotoframedialog.cpp:102-107 — verified further instan
23f4366338c2137bfe660e27dc6824e0f95dbab4	clone	consolidate	2026-09-05	"done 2026-09-05 batch F (ttcut-demux helpers, e0a2d4d4): :2028-2030 (`_FD_NUM`/`_FD_DEN` from `$FRAME_RATE`) and :2161-2163 (`_FR_NUM`/`_FR_DEN`, same source) are the same ""split M/N, default DEN=1"" idiom. Verified vi"
23fd900855b81ca61ddf51984dc66a1ca76ef90b	convention	deliberate	2026-09-03	"""Originally TTCut (c) 2003-2010"" attribution (line 6); 35 plain `/* ` headers vs 0 `/*!`/`//!` — internally consistent legacy style, not mixed with the module's"
240684205fc321b3d9c2c273807fe80fb8808e2c	clone	deliberate	2026-09-13	ttcutframenavigation.cpp:292-299 (Key_I), :303-310 (Key_P), :314-321 (Key_B): if (ctrl) emit prevX(); else emit nextX(); break; — flat per-key switch is the idiomatic keyPressEvent shape; a signal-pointer table would add
24326b5ab227c85cb5e3e2bb7cf7e10f4d1249ac	tool	deliberate	2026-09-03	called at gui/ttcurrentframe.cpp:948, and repeatedly in gui/ttcutmainwindow.cpp (997, 2524, 2604, 2743, 2804, 2878) — same cross-file visibility gap.
248cab07ad8ab267c1ce4a15d727d8f199fc9f89	clone	deliberate	2026-09-04	qc-autocut.sh:178-180 strips ffprobe's trailing csv comma for codec_name; ttcut-demux:2099-2111 does the same for nb_read_packets. Two independent tools (QC har
2497d440b038a1f006e3c21443deeb6bff4287cc	method-size	consolidate	2026-09-04	main state-threaded scan loop (data/ttsearchtask_aspectscan.cpp:167-253) is tightly coupled (hysteresis/prevPos/prevState/counters) and not cleanly splittable, 
249a41167fe37491d661e811ef522796f2ca0a0c	tool	consolidate	2026-09-12	done 2026-09-13 run 3 batches A-H (lines rewritten, see git log 5924340b..8788b25f); was: evidence/target/reach: same pattern as #165.
249db807651efd90d617e8fa25c648e27c36ef74	convention	deliberate	2026-09-12	same carve-out; the file logs exclusively through `log->errorMsg(...)` (lines 61-62, 84-85, 91-92, 231-233, 244-246); the `qDebug()` call sometimes attributed to this file is actually in the header template `runDirectedS
2509743e8828ea379aee9275f5c6648794f7217f	tool	consolidate	2026-09-05	done 2026-09-05 batch F (section/AU/grid helpers, e0a2d4d4): mixes segment enumeration/loop (453-465), TS-packet PID/continuity-counter checks (466-479), AU-boundary (PUSI) handling with array growth (489-528) and continu
251f53c618623ec3b753899ca928ea0165ce6cd4	convention	deliberate	2026-09-03	gate_audiofix_edge.sh:26 `set -euo pipefail`, with explicit `set +e`/`set -e` bracketing (lines 40/42) around the one command whose non-zero rc must be captured
2623776986f5c2bb37ffddd148bdc62c97450d59	tool	consolidate	2026-09-12	done 2026-09-13 run 3 batches A-H (lines rewritten, see git log 5924340b..8788b25f); was: `void cleanUp();` at ttframesearchtask.h:39 has no `override`, even though it overrides `TTThreadTask::cleanUp()` — sibling header
262da74763a98b9ae3fb78569b207282b27f8ab2	tool	deliberate	2026-09-03	called via gui/ttcurrentframe.cpp:249 (itself called from gui/ttcutmainwindow.cpp:1905, :1921) — same cross-file visibility gap.
264c06562193b3d6a7899129233b97f0a761ac53	clone	deliberate	2026-09-04	`buildAccessUnits()` at tth264videostream.cpp:88-124 builds `TTH264AccessUnit` (setHeaderOffset/setIDR/setFrameSize), tth265videostream.cpp:91-131 builds `TTH26
26bb8ddc0be4b043a0639b13404dfe3f4d1eeb58	clone	consolidate	2026-09-03	extern/ttmkvmergeprovider.cpp:699-706, :1037-1044, :1067-1074 — same start-code scan as the previous row, captured at a wider window (includes the `isVclNalByte
26beeeec294658984b0a841b249e65553545aaae	clone	consolidate	2026-09-12	done 2026-09-13 run 3 batches A-H (lines rewritten, see git log 5924340b..8788b25f); was: ttavdata.cpp:2681-2686 is inside the same `audioGapFrameRanges()` loop as row above (same target applies). ttavdata.cpp:654-660 is
26f6514a0cf9f8331e195f0a5ec8c76937d54cce	tool	deliberate	2026-09-04	the entire hierarchy — base TTException(const QString&) at :28 and all 7 subclass 1-arg constructors (42,51,60,69,78,87,96) — uniformly omits `explicit`; file h
2745b955580c7aa0234d74946406e15b6583c9ee	tool	consolidate	2026-09-12	done 2026-09-13 run 3 batches A-H (lines rewritten, see git log 5924340b..8788b25f); was: evidence/target/reach: mechanical, 1 line.
2762b8ee60db3c78ff885ab2df322d84d568de92	clone	deliberate	2026-09-12	C9, connect() sequencing (tiny 2-3 line fragment).
277d62edd569118f87bc32d59fc8b19ca2fcc023	tool	deliberate	2026-09-12	the loop reads no worse (precedent)
279ec479dd987a88a5036d973023bd0d6d7d245b	tool	consolidate	2026-09-12	settings-state.md documents this function's branches (container/mux-mode/chapters/delete-ES dispatch) individually; target: extract per-branch helpers; reach: one function.
27ecd986debe74984f3ac11a46511c5917a42503	clone	deliberate	2026-09-12	C1/C9 mix — gui/ttaudiorepairdialog.cpp:302-306 is the dialog's `QDialogButtonBox` accepted/rejected connect pair; gui/ttcutmainwindow.cpp:1020-1026 and :1099-1105 are the videoWorker/audioWorker finished/aborted wiring 
27f5549be63ca63addc3dbfddcf1d8ae99390cde	tool	deliberate	2026-09-12	single MPEG-2-header scan with inline aspect-string formatting, fallback-position logging and summary building — each branch is tied to a specific measured defect (see displayPositionAfter's fallback path, documented in 
282d9bb72aeb3d1efdacedd3d7dcfecceddab99b	tool	deliberate	2026-09-03	called via gui/ttcurrentframe.cpp:239 (itself called from gui/ttcutmainwindow.cpp:1797, :1904) — same cross-file visibility gap.
28491ebdfdf0ea85b640aabe69755e6db1cc60a8	convention	deliberate	2026-09-03	common/ttavlog.cpp:38-45 exists specifically to bridge libav's C callback logging into TTMessageLogger (`log->errorMsg/warningMsg/infoMsg/debugMsg`); using ttlo
2894b0f5a5683f92f6d0fac8454e935ceedc3dcb	method-size	deliberate	2026-09-04	branches on mParser.codecType()==NALU_CODEC_H264 vs NALU_CODEC_H265 at its top (extern/ttessmartcut.cpp:3364-3366) to configure libx264 vs libx265 — the same do
28aaa672a5e2d78026b9e049fc7095e009c302d4	tool	consolidate	2026-09-03	gui/ttcutframenavigation.cpp:560-563 — body is exactly `TTSettings::instance()->setNavSceneThreshold(value);`, no `this` use. Mechanical, matches the sibling `o
291d415ed064ddbb6e30e423147582db1ff657c5	method-size	documented	2026-09-04	same smart-cut.md variant-matrix rationale as processSegment; its phases (first-segment stream-copy override, per-segment processSegment dispatch, inter-segment
293383f32f999a8c939f41b7e24f0d6967fe91ab	clone	deliberate	2026-09-03	common/ttsettings.cpp:290-354 — Encoder Codec-Specific setter idiom (Mpeg2/H264/H265 Crf/Preset/Profile/Muxer), same as clone x9 (139-163).
2962c033ed67618cf8586e98a7dd3b85ae1c5e1f	clone	consolidate	2026-09-12	"""if regions.size()>10, append '... N more regions'"" trailer — same family as #79/#31. | target/reach: folds into #31."
2989c10ee652169239d706b11624376270207ef3	convention	deliberate	2026-09-03	gate_hevc_align.sh:20 `set -euo pipefail` with `${1:?...}`/`${2:?...}` argument validation (lines 21-22) relying on the strict flags; same family as gate_h264_l
298aeee01818364d235790a711576d35c03d1798	tool	unsure	2026-09-03	same as above — struct entirely unused; a removal decision belongs to a dead-code pass, not this audit.
299802bf3986216ab16971f1675235e43c4dc781	clone	deliberate	2026-09-12	`parseCutSection`/`parseMarkerSection` tail — per-section-type parser family, same as #6.
29a3ccf16bbb0454ec75a0ddfe48f4996c3b54fe	tool	deliberate	2026-09-04	same hierarchy-wide legacy consistency argument as the TTFileNotFoundException row above.
29a6357b2219fa110432ace09022d7d863697442	tool	consolidate	2026-09-12	evidence/target/reach: same finding as #141 (this is the highest complexity score in the candidate set).
29d7d6a059bd214571e3fa00b2f595feda8fbe6a	clone	deliberate	2026-09-12	constructors delegating to the `TTSearchTask` base with distinct task-name strings and distinct member lists (mRatioThreshold vs mThreshold+memset) — different parameter lists per subclass, nothing left to factor without
29e2dd5d8585ad040e9f1f339f2bc77522f8493b	clone	deliberate	2026-09-12	"gui/ttaudiorepairdialog.cpp:74-80 documents the reason explicitly: ""identical binary search to TTAVData::countExtraFramesBefore() and the anonymous-namespace countExtrasBefore() in data/ttaudioanomalyscantask.cpp (not sh"
29fc0345d0bfe8600a79d37421394c9a82e37ef3	clone	deliberate	2026-09-12	"both blocks are the same ""libav call fails → `warningMsg` → `avcodec_free_context(&mVideoCodecCtx); mVideoCodecCtx=nullptr;`"" idiom, occurring twice inside `openFile` for two different failing calls (`avcodec_parameters_"
2a1e6af5fe0882446aaa21866b2c46140d939332	tool	deliberate	2026-09-12	same Step-lambda contract, third instance.
2a4782538510d10adff6b47513394f8dbe0fb6e6	tool	consolidate	2026-09-04	done 2026-09-04 batch B: done 2026-09-04 batch C: getClassName() deleted from TTException and all subclasses (no caller)
2a6052c4cdb49d945977b9a68cc1bac069a90ef2	clone	deliberate	2026-09-04	includes `generate_mpeg2_576i_fieldpic()` (343-346), a thin wrapper over `generate_mpeg2_fieldpic()` (make_test_video.sh:235-252), matched against its `_duplica
2b107ff0d1ae3ecb13588fb6bf26363bc900c492	tool	consolidate	2026-09-12	done 2026-09-13 run 3 batches A-H (lines rewritten, see git log 5924340b..8788b25f); was: evidence/target/reach: same as #205.
2b211ed0300b62f6a30327c144a1c9f7dbb65d94	clone	consolidate	2026-09-04	done 2026-09-04 batch D: 2194-2201 (L0 ref-list weight read) and 2209-2216 (L1 ref-list weight read) are byte-identical pred_weight_table sub-blocks within the same function (extern/tte
2c1d09b375f8eb99c2f2e7a3864838ec502b8456	method-size	documented	2026-09-03	"mpeg2-cut.md's data-flow table explicitly walks this method's structure and helper decomposition — ""transferCutObjects() → rewriteGOP()"", ""→ rewriteTempRefData("
2c28b9f7bee74b0574a26690d48a3e2149f6be6e	clone	consolidate	2026-09-05	done 2026-09-05 batch F (section/AU/grid helpers, e0a2d4d4): lines 599-602 (`detect_dts_monotonicity` epilogue: `if (dts_extras > 0 && verbose) fprintf(...); return dts_extras;`) vs. 628-631 (`detect_pts_duplicates`, same
2c73ee39aacc4730b719df671bcc43e8129be7a0	tool	consolidate	2026-09-12	done 2026-09-13 run 3 batches A-H (lines rewritten, see git log 5924340b..8788b25f); was: `TTSettings* cfg = TTSettings::instance();` then only const getters are called (`cfg->anomalyLfeRmsDb()` etc., lines 464-465, 479)
2c99639f76070fae54909cf1fd1b160b9f5a45be	clone	documented	2026-09-13	ttcutlist.h:121-134 vs ttmarkerlist.h:86-99 signals block + QList<T>; the two match each other because both LACK itemsSwapped (ttaudiolist.h:108, ttsubtitlelist.h:102 have it) — the signal-semantics difference the run-2 
2cc6bd67f389c45f6df1892a21f326ca03392875	clone	consolidate	2026-09-05	done 2026-09-05 batch E4 (TTTrackTreeView): TTAudioTreeView and TTSubtitleTreeView constructors + onAVDataChanged (connect/disconnect wiring) are near-identical apart from column widths and audio-/subtitl
2cfbf9500b55d9a774b7609333d07ba1decf1e57	convention	deliberate	2026-09-03	same legacy banner style, 22/22 blocks, 0 `//!`. Locally consistent.
2d145c36952cdc4d62ddc6def8b9383cafc61e24	clone	deliberate	2026-09-03	detect_video_gaps_multifile / detect_audio_gaps_multifile: nine-line segment loop, callees differ in arity; a shared loop would need an indirection for one call
2d500d9f971ebfe23ceeac497ea961c88cbe0c3f	tool	consolidate	2026-09-12	done 2026-09-13 run 3 batches A-H (lines rewritten, see git log 5924340b..8788b25f); was: gui/ttcutmainwindow_headless.cpp:202-215, `QStackedWidget* pages = settingsDlg.findChild<...>(...)` is only used in the null-check
2d7a71cbf9c5b52b70e75e080fad09bc163da7af	clone	deliberate	2026-09-12	C1, videoWorker/anomalyTask wiring tail.
2dddc93190bdc77fb6f35b52a4989ad235b95ed9	clone	deliberate	2026-09-13	TTSettings getter/setter/early-out idiom, re-fingerprinted after batch A removed audioOnlyFormat(); settings-state.md documents the 76 plain App-Default fields, run-5 classifier ruled the class deliberate
2e17b1109f4bdcd294a9d6f87f335803f09a9522	clone	deliberate	2026-09-04	early-out setter idiom (ttsettings.cpp:133-582).
2e2f7042825e79fac95cab924b2679b67864c1b7	clone	documented	2026-09-12	"same runDirectedSearch-lambda-contract tail (""return first `batch[i]` where matches[i] is true, else -1"") as the row above; the map documents the Step-lambda's return contract (-1/hit) as the deliberate shared shape."
2e516833b503a33cd8e3a80d6f4215cb9f52778e	convention	deliberate	2026-09-03	common/ttprogressestimator.h:90-111 — the class's actual private members (mStore, mClock, mStages, mRateSamples, mCurrentIdx, mStagePercent, mOpStartMs, mStageS
2e6d7058acb73a393b75613d08416797acbe5919	clone	deliberate	2026-09-04	`accessUnitIsIDR`/`accessUnitToCodingType` (tth264videostream.cpp:127-148) switch on `H264SliceType` values (SLICE_TYPE_I/P/B…), tth265videostream.cpp:132-155 s
2ec1807b3c9f8e0b4668d27e32d92408d17f5731	tool	consolidate	2026-09-04	done 2026-09-04 batch B: done 2026-09-04 batch C: getClassName() deleted from TTException and all subclasses (no caller)
2ed6a66e2fbe6584eef0b4db668dbb74e193aef8	tool	documented	2026-09-12	stream-open-project-load.md's `OVF/PRF → MW` edge and settings-state.md's `OPEN → WORK` edge both enumerate this function's full job list (re-wire subtitle hooks, set current item on the stream-point widget, frame rate, 
2f16bad094fed1544fe76b7c48d1a81b4bad30e1	clone	documented	2026-09-13	ttcutsettingsaudio.cpp:14-19 vs ttcutsettingsstreampoints.cpp:13-42, page constructor (setupUi + reset connect) — the page contract (settings-state.md).
2f19b79cb3219c74f5b9acd66ffa1ffbaf902cb4	clone	deliberate	2026-09-12	three 2-line guard fragments inside one function; too small/local to warrant a helper (net LOC would not shrink).
30085fe6defb5027f18ddd1f85a08a1aa65177f8	clone	consolidate	2026-09-03	subset window of the same prologue/ffmpeg-header pattern (h264_1080p_progressive, h264_1080i_mbaff, mpeg2_576i_pal, mpeg2_720p). Same family as above.
3041c0516315ae1816be572ef78ca9c422648a5a	tool	consolidate	2026-09-13	done 2026-09-13 batch A: explicit added; same reasoning as TTCutFrameNavigation
30d12c7d7e684a80b560b74113c8211b375478c5	clone	deliberate	2026-09-12	"controlEnabled-cascade idiom family (same reasoning as the ""419-431""/""193-200"" rows)."
310f1b414eb3bab4603e793408e940d4aded3c61	tool	consolidate	2026-09-12	same C11 duplicated block inlined here too (gui/ttcutmainwindow.cpp:2547-2566); extracting `createAnalysisWrapper()` reduces this function below the threshold as a side effect. | target/reach: same as above.
31403875ec38cbb99241d7bb85700b4c324b5dc8	convention	documented	2026-09-12	same as above.
314dbdc8a392d8d1c317d824c84d278cdc8027b0	convention	deliberate	2026-09-03	"header attribution differs from the TTCut-legacy files — ""Originally (c) 2019 Minei3oat / github.com/Minei3oat"" (line 6) — a later fork, not the 2003-2010 codeb"
314dd9df8056666e094e69f259de2b8efa1c3bbc	clone	consolidate	2026-09-03	same family, duplicate-fixture block (397-415, 419-437, 441-459).
3178c1f5ad4d9cbc77b501679ad3522b0b5c77ad	convention	deliberate	2026-09-03	"common/ttthreadtaskpool.cpp:26-127 uses `/** ... */` Javadoc comments uniformly, same legacy-implementation-file pattern as ttthreadtask.cpp above (""Originally "
3183a117827104c72c49a3d0579d8c1164d563d5	clone	deliberate	2026-09-04	TTCutAVCutDlg::populateMuxTarget() (cbMuxTarget, binds `workingMpeg2Target()`) vs TTCutSettingsMuxer::populateMpgTarget() (cbMpgTarget, binds `mpeg2Target()`) l
31e7a7ce3e21bd57ff338e811e49cc54b809ab4d	convention	deliberate	2026-09-04	file logs through log-> throughout; internally consistent (conventions.md, 2026-09-04)
327440d546b3f510e821a32762bd9f1b9f3289cc	convention	deliberate	2026-09-12	"docs/conventions.md cpp/logging rule: ""Files that still log through log-> throughout stay internally consistent ... the verdict store carries them as deliberate. Verbose per-subsystem output stays behind the TTSettings l"
32804bec358dc02583930b2cee37cd9693f72c75	clone	consolidate	2026-09-05	done 2026-09-05 batch F (ttcut-demux helpers, e0a2d4d4): ttcut-demux:367-374 (tail of detect_video_gaps_multifile) and :409-416 (tail of detect_audio_gaps_multifile) both run `if seg_start/seg_dur numeric; then _splic
32ff9548e988214778ec2056379dde90643d1f98	tool	consolidate	2026-09-12	done 2026-09-13 run 3 batches A-H (lines rewritten, see git log 5924340b..8788b25f); was: evidence/target/reach: same as #147/#156/#202 (dead code, remove together with `onRemoveMarker`).
3315bb8dcf3ab310639ea2a64fa5ff3f9681bc8b	clone	consolidate	2026-09-04	done 2026-09-04 batch D: start() (ttthreadtaskpool.cpp:141-146) and startNested() (204-209) wire the identical 4 signal connections (started/finished/aborted/statusReport); startNested(
336061f382a677f20ee47ab8b8c2a25d864b3dcc	tool	consolidate	2026-09-12	gui/ttcutmainwindow.cpp:1350-1408 mixes marker counting, disabled-repair lookup, and (twice) the C12 suffix-variant-stripping loop that is also duplicated in `TTStreamPointWidget::onContextMenu`. | target: extract the su
338ba92293998f6d8c78975f7033826d4c887f22	tool	consolidate	2026-09-12	done 2026-09-13 run 3 batches A-H (lines rewritten, see git log 5924340b..8788b25f); was: `onRemoveMarker`/`onAppendMarker` are declared (public slots, ttavdata.h:137-138) and defined but never connected anywhere in the 
33a0c2528437ce896274d1d17888503116a9cbdf	clone	deliberate	2026-09-03	"accept_window_geometry.sh:265 `conf_before=$(stat -c %Y ""$CONF"" 2>/dev/null || echo 0)`; ttcut-demux:1183 `seg_size=$(stat -c%s ""$seg"" 2>/dev/null || echo 0)`. "
33b6ba588b583352ca66f221cd82e27cac50e760	tool	deliberate	2026-09-12	same as #176 (`doH264Cut`).
33b9c76d7cab1ac08ef1b81e13815291f7dd4302	tool	consolidate	2026-09-12	evidence/target/reach: same as #149.
33c3f384d73e026b32ff30cea139cc97eec9828c	method-size	consolidate	2026-09-04	uses a single qScopeGuard (data/ttstreampoint_audioworker.cpp:143-152) capturing all libav handles by reference, so sub-blocks can be extracted as helpers takin
34174ed75614361f49e4b9fb2178b0a1d8dc4af6	convention	deliberate	2026-09-03	file uses the SPDX license block + plain `//` section banners; the file is short (only 2 comment blocks) and internally consistent, no mixed styles found.
3422b924ac0c74fd0009a16a25b34da125e476fd	clone	deliberate	2026-09-13	TTSettings getter/setter/early-out idiom, re-fingerprinted after batch A removed audioOnlyFormat(); settings-state.md documents the 76 plain App-Default fields, run-5 classifier ruled the class deliberate
34396d029d736c991a2075796f04c46cfe224faa	tool	deliberate	2026-09-12	QString/value bundle getters return by value like the project majority; implicitly shared (run-2 precedent lastError())
347c725d901f9a819580a3818ab6a0f9dee63276	tool	consolidate	2026-09-03	same class, SubRip extraction `-map 0:$idx` (ttcut-demux:2755).
348b6ff5beac835f3d17ab66763949d9ba54ebfa	clone	deliberate	2026-09-12	harness isolation. tools/diag/ harnesses intentionally re-implement small production snippets standalone to avoid linking the whole GUI (CLAUDE.md: diag tools build separately); no map lists this as a target.
34a02c11c16fdacc32a295417e92fb7b9bb6d992	clone	documented	2026-09-13	ttcutlist.h:60-69 vs ttmarkerlist.h:44-53 avDataItem(), operators =, ==, <; diverges right after (mCutInIndex/mCutOutIndex vs mMarkerPos); run-2 ruling
34b740b9521167f17fcc921a8c2c42d0eceb98be	tool	consolidate	2026-09-12	done 2026-09-13 run 3 batches A-H (lines rewritten, see git log 5924340b..8788b25f); was: `AVStream* videoStream = mFormatCtx->streams[videoStreamIndex];` (ttframeindexer.cpp:504) is only read afterwards (`videoStream->t
3513d7cbd1b5ad39b9f461b022d55c3f92bf6997	clone	deliberate	2026-09-12	C4, ctor tail (icon/connect setup) — not verified as content-identical beyond shape.
352c63495ed7db86b08cb77f3926134cbca6c9b5	clone	consolidate	2026-09-03	generate_hevc4k_cra (180-198), generate_h264_1080p_progressive (202-225), generate_h264_1080i_mbaff (226-249), generate_mpeg2_576i_pal (302-324), generate_mpeg2
35aae914ef0f8f1a6d6fbb954872f9c35723006f	clone	deliberate	2026-09-04	:2338-2342 (DEFECT_LOSS_PCT, guarded by EXPECTED_FRAMES) and :2343-2353 (DEFECT_GAPS_PER_MIN, guarded by VIDEO_DURATION_MS) are two adjacent, differently-guarde
35cacff840378e4eccc5ccd032e0ffb40cef17ad	clone	consolidate	2026-09-12	"done 2026-09-13 run 3 batches A-H (lines rewritten, see git log 5924340b..8788b25f); was: larger overlapping fragment of the same "".info fallback frame rate"" duplicate as the row above (ttframeindexer.cpp:479-488 vs ttes"
35dd587b3b4fbb3183f62bddbac67b65f4e8f103	clone	consolidate	2026-09-05	done 2026-09-05 batch F (ttcut-demux helpers, e0a2d4d4): the h264 (:1669-1675) and hevc|h265 (:1677-1683) ffmpeg extraction branches are identical apart from the bsf name (`h264_mp4toannexb,...remove_types=12` vs `hev
367b2978cb253d7f313b7218ebaaed22a0a71ee7	clone	deliberate	2026-09-13	the four defect-cluster passes share two lines (pos = qMax(0, first - offsetFrames); append Error point); desc and durSec differ per pass - run-3 rule '3-line prologue of two different paths'
369ed2058fd65a0d18669c2c686aa309e29117d8	convention	deliberate	2026-09-04	file logs through log-> throughout; internally consistent (conventions.md, 2026-09-04)
36aa1ad5865cd626a55fe285d8d946f36f4da7da	tool	deliberate	2026-09-04	same by-value convention across the whole class.
36d29f65613753afd8f6eb9b0c72f0469479e3f9	convention	deliberate	2026-09-04	comment style, no structure; older forms remain in place per conventions.md
37159e92828d6c3e04803ec8f29da51b773e481b	clone	consolidate	2026-09-05	done 2026-09-05 ttcut-demux rest pass: _ffprobe front end shared by _probe_first_packet_pts, _probe_field, _probe_stream_field, _probe_pts_extreme
3722e13078a33ba3da1e6fa9a2bfc0f95e6a0448	tool	deliberate	2026-09-12	single decode-and-compare search loop combining MPEG-2/FFmpeg dispatch, abort checks and progress reporting for the one-off cross-decoder comparison this class exists for (documented as intentionally outside the TTSearch
3774505a2c45f5df5ee4bd02c96a015881b5ee6a	tool	consolidate	2026-09-12	done 2026-09-13 run 3 batches A-H (lines rewritten, see git log 5924340b..8788b25f); was: assigned in the constructor body; target: move to the member-initializer list; reach: 1 line, mechanical.
37923231c11fe2f5b7576c2edc1671d0dc70ad71	tool	consolidate	2026-09-12	evidence/target/reach: same as #151.
37a6d4e10fc70a99356a5df55e94489471326e69	tool	deliberate	2026-09-03	$ENCODER is an intentionally word-split argument list
37b366474d01e386a302b0c767e75266370f6481	method-size	documented	2026-09-04	"progress-reporting.md, Redundancy section: ""Progress-bar creation + cancel wiring: duplicated verbatim in the Init and Start branches of TTCutMainWindow::onStat"
3808212958b45a9fed01277f6afaad5624b9df87	clone	consolidate	2026-09-12	done 2026-09-13 run 3 batches A-H (lines rewritten, see git log 5924340b..8788b25f); was: second occurrence of the importBtn/escape-button block, same as #31. | target/reach: same as #31.
380aede02705501e709fab150451bc312b836934	clone	consolidate	2026-09-12	"done 2026-09-13 run 3 batches A-H (lines rewritten, see git log 5924340b..8788b25f); was: two nearly identical gap-merge/cluster-building loops — one over `infoExtras` (""Defekt: …"" clusters), one over `mAudioGapIndices` "
38320062905cf250f566b5fcbc9dc814320183b7	clone	deliberate	2026-09-13	connect() list of the navigation constructor, re-fingerprinted after batch D removed the search connects (was clone x17/x15 ttcutframenavigation.cpp:139-150, deliberate: one connect per button-slot pair, pointer-style wi
3889436a9c6411d9253b1b293b404c2da5ba7ce5	method-size	deliberate	2026-09-03	same mislabeled span (main(), test_previewcut_abort.cpp:160-524); tool picked `TTMessageLogger::getInstance()` (line 199) as the nearest symbol this time — same
38f5b8408fe716dabe3ce109b17485b094fcfc14	tool	consolidate	2026-09-12	done 2026-09-13 run 3 batches A-H (lines rewritten, see git log 5924340b..8788b25f); was: gui/ttcutsettingsmuxer.cpp:87-95 (`setTabData`), `s` is only used through getters. | target: `const TTSettings* s = ...;` | reach:
3930f0123f44855eea498e5a3e74d96e34c32676	clone	consolidate	2026-09-12	done 2026-09-13 run 3 batches A-H (lines rewritten, see git log 5924340b..8788b25f); was: C3. gui/ttcutmainwindow.cpp:446-460 (`onOpenVideoFile`), :467-489 (`onOpenAudioFile`), :492-509 (`onOpenSubtitleFile`) — `QFileDia
39bbcf67e14473bfd9f13617e9fca1e3621d2ca6	clone	deliberate	2026-09-12	ttsettings.h:136-140 (`encoderMode`/`encoderCodec` declarations) vs :318-322 (`mkvCreateChapters`/`mkvChapterInterval`) — same idiom.
39bbff1dd85bfc03c63fdb950a6c20958030b942	clone	deliberate	2026-09-03	"`case ""$VIDEO_CODEC"" in h264) ... hevc|h265) ...` at ttcut-demux:1655-1671 — the h264 and hevc branches differ only in the bitstream filter (`h264_mp4toannexb,f"
39d4751288fb89892f9dbdb29d85f236e68fa790	clone	consolidate	2026-09-12	same MKV-provider setup as #43/#48, this time duplicated across two different classes (`TTMuxTask`, `TTPlaybackMuxTask`). | target/reach: same as #43 (extends its reach into data/ttmuxtask.cpp and data/ttplaybackmuxtask.
3a17db63e0486edcdb8360e09b2a6f76efbc142d	clone	consolidate	2026-09-12	"done 2026-09-13 run 3 batches A-H (lines rewritten, see git log 5924340b..8788b25f); was: another window of the #20 "".info"" fallback family. | target/reach: same as #20."
3a3eaf99ec1a1623f904c3cfbb01379e2fc16e65	method-size	deliberate	2026-09-03	"one 303-line method (verified — the `TTAVData::tr` ""method names"" in the rows below are `TTAVData::tr(...)` translation calls inside this same function at lines"
3a4b419810eaa104401021b254e83297fffd5089	clone	deliberate	2026-09-12	"parallel `TTMpvWrapper* mPlayer` + related member declarations — matches playback.md's A8 finding (""player lifetime per client... kept separate"") at the header level too."
3ab4b838627e38a48436f61dcfe8cebb3561f6c6	clone	deliberate	2026-09-12	gui/ttcutmainwindow.cpp:196-219 (`setupImagesAndIcons`) is a sequence of `TTCut::imgX = new QPixmap(xpm)` for ~20 distinct named globals — legacy original-TTCut static-resource table; table-driving it would require restr
3acf948d31138d6ce0f759929cd66edfdbde7465	method-size	consolidate	2026-09-04	per-track loop mixes range-check/plan/output-path bookkeeping (2907-2938) with AC3 repair-table construction (2953-3010ish, `TTAudioRepair::FrameTable repairTab
3ad8f77c3f9e26e585047d02ad79dc016c1b50a8	clone	deliberate	2026-09-13	mainwindow.cpp:337-340 (navigation connects) vs :1957-1963 (ensureProgressBar()'s two connects, consolidated in 026aa9fb); generic multi-connect shape.
3b09d1c276acd2fe4f65e29e9ff5b3b95b3c80f0	tool	deliberate	2026-09-13	ttcutframenavigation.cpp:211-371, one switch over ~15 key/modifier combinations — idiomatic Qt keyPressEvent; splitting serves only the metric.
3b68006f2854dd92a69c7d35458b700ebcc0abd2	clone	consolidate	2026-09-05	done 2026-09-05 batch F (ttcut-demux helpers, e0a2d4d4): in repair_audio_with_silence_inserts, the loop's one-pass segment emission (:941-944, `inpoint`+`outpoint`) and the tail segment emission (:1003-1005, `inpoint`
3ba840735cbcf416c2d8fbbd75c2a0e918cda05d	clone	deliberate	2026-09-03	list classes differ in signal semantics (clear/remove/update/swap); shared part ~50 lines per class, rulings.md batch D
3bcad3caf42df954e1d2f0d89a81785501fc1e93	convention	documented	2026-09-12	"docs/conventions.md `cpp/indent`: ""`2` … The H.26x/Smart-Cut block (`avstream/tth26*`, `ttnaluparser`, `extern/ttessmartcut`, `ttffmpegwrapper`, `tthevcseam`, `ttmkvmergeprovider`, …) uses four spaces consistently … the "
3c7f80f03fd2aadf3826f34a9b00b3c80906e12d	class-size	consolidate	2026-09-03	split into decode/index/cut/mux units as a separate project (report block 2)
3c804f8e1e910f9422d214287e3a973191b931e3	clone	consolidate	2026-09-04	"done 2026-09-04 batch D: docs/code-map/detection-and-search.md's redundancy list already records the operation()-body clone across _blackframe/_logo/_scenechange as ""Consolidated (code "
3ca5b4f16481825d3bc17317488b4dcf4696fa8c	clone	consolidate	2026-09-12	done 2026-09-13 run 3 batches A-H (lines rewritten, see git log 5924340b..8788b25f); was: ttsettings.cpp:233-257 (`TTSettings::setEncoderCodec`'s `switch (v) { case 0/1/2: mEncoderCrf = m<Codec>Crf; ...; mWorkingOutputCo
3cb985dd1af0388044d95826ce38f93369d7a1d5	tool	deliberate	2026-09-03	same reasoning as line 394 above (`$(build_duplicate_timeline_args 1280 720 50)`).
3cc6a08869fc37268a46061c4f0ccfeae307f31b	clone	deliberate	2026-09-04	each site (ttavdata.cpp:91-97, ttcutpreview.cpp:87-92, ttgotoframedialog.cpp:98-107) is Qt connect() wiring for a distinct signal/slot pair; prior audit judged 
3cf301159b689dbff1440d49c57a2bbcad496ec1	clone	consolidate	2026-09-05	done 2026-09-05 batch F (process_one_frame, switch table, e0a2d4d4): ttcut-ac3fix.c:509-518 is a 5-clause `if/else-if` chain (`-a`,`-v`,`-f`,`-F`,`-s`) each of the identical shape `strcmp(...)==0 || strcmp(...)==0) { opts->X = tr
3e6ae50623438332903fff985607c2092fc94704	tool	deliberate	2026-09-03	extern/ttffmpegwrapper.cpp:2924 calls `adoptStreamMetadata(bundle.isPAFF, bundle.frameMbsOnlyFlag, bundle.log2MaxFrameNum)` — the function is used; cppcheck's s
3e8868eb64ee60f97dfd00209e9ae4ad3a75a50f	convention	deliberate	2026-09-03	tools/vdr-demux-example.sh:26 `set -e` only; standalone orchestration script (like build-package.sh), no map/spec requires alignment with tools/diag's `-u`/`-eu
3e8d99b59882b11b2e7505b5d66cf3766493fa34	clone	deliberate	2026-09-12	"gui/ttcutsettingsdlg.cpp:55-82, the `addCat(title, icon, page)` lambda calls — each pairs a distinct category title/icon/page, same ""declarative pairing"" idiom as C9/C6."
3e8df849452298884d8d50166e152fe9033f6c94	tool	consolidate	2026-09-12	done 2026-09-13 run 3 batches A-H (lines rewritten, see git log 5924340b..8788b25f); was: gui/ttcutmainwindow.cpp:1039-1041, `preview->frameIndexBundle()` is a read-only accessor. | target: `const TTFFmpegWrapper* previe
3ef75e75efd95daad5b0017118b270811f8684c5	method-size	unsure	2026-09-03	this range sits entirely inside `TTFFmpegWrapper::detectAudioBurst` (:2252-2526, already flagged above); `TTMessageLogger::getInstance` at :2263 is a call expre
3f221cd4ad089287f804d938685b3a97ce9f3567	clone	consolidate	2026-09-12	done 2026-09-13 run 3 batches A-H (lines rewritten, see git log 5924340b..8788b25f); was: the LRU-cache store+evict block (`mFrameCache[key]=result; mFrameCacheLRU.append(key); while (mFrameCacheLRU.size() > mFrameCacheM
3f6483239aca9763201cee36bd678e51a2d0091c	tool	consolidate	2026-09-12	done 2026-09-13 run 3 batches A-H (lines rewritten, see git log 5924340b..8788b25f); was: `parseH264FieldInfo` returns early at ttframeindexer.cpp:242 `if (!data || size < 4 || frameMbsOnlyFlag) return result;`, so by li
3f7637e00072bb3e4298e110e7f60fbde2a28a99	clone	deliberate	2026-09-12	overlapping window of the same connect/disconnect idiom (56 sites); no shared logic beyond the Qt call shape.
3f9a76240c6b36a2e17899d8ba2bcb21ff19e604	clone	consolidate	2026-09-12	"done 2026-09-13 run 3 batches A-H (lines rewritten, see git log 5924340b..8788b25f); was: C12, ""exact clone"" per scanner — the `alreadyDisabled`/chop suffix-variant loop, sibling of the ""1386-1389"" row. | target/reach: s"
3fdef1af1abe00dfe484c4e6a585c2c67706d807	tool	consolidate	2026-09-12	done 2026-09-13 run 3 batches A-H (lines rewritten, see git log 5924340b..8788b25f); was: same finding as the cppcheck row above (functionStatic); same fix.
40372dd66714fe6f5262b25a0d7a4aa974271c64	clone	deliberate	2026-09-13	"data/ttstreampoint.cpp:41-49 (isAutoDetected, a 7-way || over mType) vs data/ttsubtitlelist.cpp:100-104 (operator</operator== on unrelated fields). Two unrelated value-type classes; the ""duplication"" is the generic compa"
40512fb66ddbcd33a7ea450c3239c4d8375cd376	clone	consolidate	2026-09-05	done 2026-09-05 batch F (ttcut-demux helpers, e0a2d4d4): FIELD_ORDER probe (:1907-1909) and AVG_FPS probe (:1915-1917) are the identical `ffprobe -select_streams v:0 -show_entries stream=X -of default=noprint_wrappers
40769ade7ba86bf05d127ceabce212449de43332	clone	consolidate	2026-09-05	"done 2026-09-05 batch F (ttcut-demux helpers, e0a2d4d4): the guard `if [ -n ""$COUNTED_FRAMES"" ] && [ ""$COUNTED_FRAMES"" -eq ""$COUNTED_FRAMES"" ] 2>/dev/null; then` is copy-pasted verbatim at :2123 (drives VIDEO_DURATION"
407ff6beeea64416ec80a4a568bf9933bab01713	clone	consolidate	2026-09-03	"three near-identical ""start-end"" range-parsing loops inside TTESInfo::parseSection: avstream/ttesinfo.cpp:200-215 (audio_N_corrupt_ranges), :306-325 (es_missing"
40f27ffcba9a5194fdb8d0a1f6756f95226054eb	tool	deliberate	2026-09-04	the flagged constructor is `private:` (ttmessagelogger.h:27-28, singleton pattern via `getInstance()` at :31) — no code outside the class can hit an implicit co
410819ca57acba41ca3194fe980ffb570e4886a1	method-size	consolidate	2026-09-05	done 2026-09-05 batch E1 (qScopeGuard, 717fcf5a): six near-identical early-return cleanup blocks (`if (decodeFailures) *decodeFailures = failures; return stats;`, preceded by varying manual avformat_close_input
41666a73d506ff1962e26ed71152960c00cfe840	clone	consolidate	2026-09-03	"make_damage_fixtures.sh:31 (VPID), 32 (APID), 33 (APID2) are the same `ffprobe -select_streams … -show_entries stream=id -of csv=p=0 ""$1"" | head -1 | tr -d ','`"
41e61904af5c3c121c53e4d062a6077478f9cad9	clone	consolidate	2026-09-03	data/ttsearchtask_blackframe.cpp:75-91, ttsearchtask_logo.cpp:90-106, ttsearchtask_scenechange.cpp:102-118 verified identical batch/report/found()/teardownWorke
420a3d6b47ba2078fba4e33715c9cace724e4176	convention	deliberate	2026-09-03	"""Originally TTCut (c) 2003-2010"" (line 6), 11 plain `/* ` headers, internally consistent; ""no map""."
4260b8213d0be8f006070e0f7576ae2052c1d359	tool	deliberate	2026-09-03	ttcut-audiofix.c:588-660ish is a linear `getopt`-based CLI flow (parse → validate → mmap → detect codec → walk → cleanup), only marginally over the 25 threshold
4277086dacd33f6eab5b3dbd98821ec84b0deef6	clone	consolidate	2026-09-03	overlapping window of the same createActions()/comment-header duplication as the clone x4 (248-269) row, this time also matching gui/ttcuttreeview.cpp:814-843 (
42b9f70007636bbfc284a56ff9e249149a2c0ad8	clone	consolidate	2026-09-12	done 2026-09-13 run 3 batches A-H (lines rewritten, see git log 5924340b..8788b25f); was: C2, the `connect(task, found, ...); connect(task, finished, deleteLater); connect(task, aborted, ...)` tail of all three directed 
42bf37c694e577e3bb42ed84087589071eb26527	convention	deliberate	2026-09-04	file logs through log-> throughout; internally consistent (conventions.md, 2026-09-04)
4340e112e4a3ec14dd09b2d52b087d097c2d742d	clone	deliberate	2026-09-12	common/ttsettings.cpp:97-133 is a run of `void TTSettings::setX(T v) { if (mX == v) return; mX = v; }` setters (StepPgUpDown..LogFilePath). The file's own comment at ttsettings.cpp:45-46 states the convention explicitly:
4370566020240eef1435d9b7d51489bd67b14db0	clone	consolidate	2026-09-12	done 2026-09-13 run 3 batches A-H (lines rewritten, see git log 5924340b..8788b25f); was: `compareFrames()`'s Y-plane sum-of-squared-diff loop (135-138) and V-plane loop (145-148) are identical except for the plane point
438fe1ddbd6618eb171b043c29a780a7416aedb1	tool	consolidate	2026-09-04	done 2026-09-04 batch B: `readSize = mpeg2Stream->read((char*)streamBuffer, streamBufferSize );` — `streamBuffer` is `quint8*` (ttmpeg2decoder.h:90); only C-style cast in the file, rest
4399e13ab6a546835502c112b367716997a794c2	tool	deliberate	2026-09-12	same as #176.
4402ea29f0450e6bbec4f1560f8615db4b313ead	class-size	unsure	2026-09-03	avstream/ttdisplayordermap.cpp has no TTMessageLogger method definitions (only 9 calls to TTMessageLogger::getInstance()->...); TTMessageLogger is defined/imple
440786e03c835b1a4acbbda9b46e1daa1040c3c1	clone	deliberate	2026-09-04	early-out setter idiom, overlapping windows of the same block (ttsettings.cpp:412-484).
44c4431481d8e19b08303189eed3c4754ec7da7d	clone	deliberate	2026-09-12	"common/ttthreadtaskpool.cpp:104-106 is the `disconnect(task, &TTThreadTask::started/finished/aborted, ...)` triple inside `cleanUpQueue()`; the class fingerprint (109 sites, ""renamed idiom"") is the generic Qt pointer-to-"
452a5351e5e85ec7182c0e1ec6da1425a382f82f	tool	consolidate	2026-09-12	done 2026-09-13 run 3 batches A-H (lines rewritten, see git log 5924340b..8788b25f); was: confirmed via repo-wide grep — no call site. | target: remove; reach: 1 line.
454d0e48597f0a085b49767267c2e5960949032c	tool	consolidate	2026-09-12	done 2026-09-13 run 3 batches A-H (lines rewritten, see git log 5924340b..8788b25f); was: evidence/target/reach: same pattern as #165 (`doH264Cut`).
45b038a3b66e47bd529ecf787cb7f518adfb0c44	upward-include	documented	2026-09-03	see include-cycle row: avstream->extern is the documented stream-owns-decoder edge
46375b92827a23d9b28df8ea5cec54dabf15a57c	clone	deliberate	2026-09-04	same-file self-clone, table-driven scenario blocks in one harness's main(); tools/diag/CMakeLists.txt per-tool independence + harness-isolation convention (clas
46847549ee8fb0c2c0639d39d6b0c11ce14b7f0e	clone	deliberate	2026-09-12	`operation()` type-creation body for audio vs subtitle — per-type task body (distinct exception messages, distinct stream types), not equally consolidatable as the shared `cleanUp()` in #11.
46e876b07a70b38db5f45833d4a7e01fb1329cff	clone	deliberate	2026-09-12	`onReadProjectFileAborted`'s disconnect block vs `TTCutMainWindow::connectMenuSignals` — unrelated functions, coincidental connect/disconnect-shape match (same false-positive class as #46).
470d8211f9bee08109c35da01893e36fc9011c3b	clone	deliberate	2026-09-04	subset of the 252-258 idiom class; same reasoning
47487de008518fc059cf414a3758310610e76f21	clone	deliberate	2026-09-04	:664-666 (progress-band sizing: repair_s/tail_s) and :847-849 (gap-window coalesce merge: cur_dur/window_end) are unrelated formulas that only share the file-wi
47737175e827b7ed10facee38b955c5d4633f6fc	tool	deliberate	2026-09-12	same as above.
47a25ab4176966e1fd040306de11196c806285e5	clone	deliberate	2026-09-13	common/ttthreadtaskpool.cpp:127-131 (wireTask/disconnectTaskSignals) and data/ttavdata.cpp:89-105 (ctor) are connect(sender, &Class::signal, receiver, &Class::slot) sequences — the mandated Qt wiring idiom (docs/conventi
47ff13798db9122690d118a39cf094c1a3a963d8	clone	consolidate	2026-09-12	done 2026-09-13 run 3 batches A-H (lines rewritten, see git log 5924340b..8788b25f); was: runScreenshotMode's settings-dialog per-category loop (gui/ttcutmainwindow_headless.cpp:202-215, `for (i...) { catList->setCurrent
48440c1f67961fd24281f38e9c9598b7203e7201	convention	deliberate	2026-09-04	file logs through log-> throughout; internally consistent (conventions.md, 2026-09-04)
4844b6e9f1cccf25fb5e77ce7e3c549bdb1efdcc	clone	deliberate	2026-09-13	ttcutmainwindow.cpp:223-233, actionXXX->setIcon(ttThemedIcon(...)) for 11 distinct QActions; ttThemedIcon() is the consolidated helper (run 3 batch G, 026aa9fb); each line assigns a distinct icon.
497a0dac8643e1921bf84399cc5af85c2286618c	clone	consolidate	2026-09-03	"`record_junk` (ttcut-audiofix.c:388-397) and `record_crc_bad` (:403-412) share the identical realloc/`MAX_REPORT_ITEMS`-cap pattern; the comment at :402-403 (""G"
4993ba4bd2dfea642f0208dcab93aaa07d76e9e3	convention	deliberate	2026-09-03	"file uses `/* ... */` block comments throughout (e.g. ttmpeg2decoder.cpp:20,45,65...), 0 `//!` occurrences; header banner says ""Originally TTCut (c) 2003-2010 B"
49b6ee23d6c1b8610b3258682becf06739dffeb8	clone	deliberate	2026-09-12	same early-out setter idiom, 14 sites; overlapping window of x17/x13.
49c33afbdc0791e9d7b23eee58f1a134adc7a3a3	clone	deliberate	2026-09-03	common/ttsettings.h:35-190 — one inline `type field() const { return mField; }` + `void setField(type v);` declaration pair per settings property; common/ttsett
49d0a6341dc80f0b487da4b8a3f797517df8ccae	clone	deliberate	2026-09-13	TTSettings getter/setter/early-out idiom, re-fingerprinted after batch A removed audioOnlyFormat(); settings-state.md documents the 76 plain App-Default fields, run-5 classifier ruled the class deliberate
4a003469e116c2a8ea8c6b71101829297e563684	convention	deliberate	2026-09-03	whole-file 4-space indent (e.g. main.cpp:17-78), same standalone-tool convention as ac3fix/audiofix (rows 30, 39); file itself is a clean 78-line single-purpose
4a37df326c981d31026c20b14b0a28baf7ecc431	tool	deliberate	2026-09-04	declared alongside its 3 non-static siblings in one `private slots:` block (ttthreadtaskpool.h:66-70), all four wired identically in start()/startNested(); onTh
4a7b9ce85bf4575bc79094eddb4423c762630021	tool	deliberate	2026-09-03	same as line 1314
4a91a7525032219d56fcb21a74f132358eebe584	tool	deliberate	2026-09-04	same by-value convention across the whole class.
4abbb05e282bf6283058e5b35ecdaa99cd807f16	clone	consolidate	2026-09-03	ttcut-demux:1373-1374 (`START_PTS`/`AUDIO_START_PTS`, pre-repair) and 1510-1511 (`NEW_VIDEO_PTS`/`NEW_AUDIO_PTS`, post-repair) issue the identical `ffprobe ... 
4afc49c029cbdb8039f3426b38654b764793137c	clone	consolidate	2026-09-12	done 2026-09-13 run 3 batches A-H (lines rewritten, see git log 5924340b..8788b25f); was: another window of the #44 cut-start-banner family (MPEG-2 vs H.26x). | target/reach: same as #44.
4b0067202092684986b820d51f42bcc5118020d8	clone	consolidate	2026-09-12	done 2026-09-13 run 3 batches A-H (lines rewritten, see git log 5924340b..8788b25f); was: MPEG-2 vs H.26x cut-start banner (`plan.append(...)`, `emit operationPlanReady(plan)`, `statusReport(Init)`, `processEvents()`, `s
4b608127167b738378742ca1371ea00d8f223134	convention	deliberate	2026-09-03	extern/tthevcseam.h:24-131 — the entire file is plain POD structs (`THevcSpsSeamInfo`, `THevcPpsSeamInfo`, `THevcSliceRewriteCtx`, `THevcRpsEntry`, `THevcSliceH
4b90ec692d24b11164fdd3568010a87fbb2cd74a	tool	documented	2026-09-12	playback.md's `RW/WR → FIN → STILL` edge documents this function's full sequence (stop-index selection from two possible sources, `round(pos × fps)`, the MPEG-2 fixed-point extras loop, clamp, `moveToIndexPos`/`showFrame
4bb002a401ff56acb3aa761242aade25001c5b5d	clone	deliberate	2026-09-04	`Event`/`Recorder` struct+class boilerplate, part of the same cut-abort-harness family as row 6; harness isolation (tools/diag/CMakeLists.txt).
4bd92893be070d0d7a4becdc2f4d37cb169b5a7e	clone	deliberate	2026-09-12	sub-windows of the #2 audio/subtitle-finished pair (plus a third window at 979) — same per-type mirroring.
4c015b3d5235957a27fdaef6d3d20bdfca326f0e	tool	deliberate	2026-09-12	QString/value bundle getters return by value like the project majority; implicitly shared (run-2 precedent lastError())
4c17ccda0bd94d3641110f13254bd12ebf995024	tool	deliberate	2026-09-12	"the function's own comments enumerate ""Step 1"" through ""Step 5"" (lines 112, 134, 163, 186, 245) tracking docs/superpowers/specs/2026-08-19-audio-anomaly-repair-design.md, Komponente 1 — length reflects a five-step spec k"
4c1e73c941bbb9cfa3d78b52ac6f357dd9c098cc	clone	consolidate	2026-09-03	gui/ttaudiotreeview.cpp:40-130 and gui/ttsubtitletreeview.cpp:38-127 are near-identical constructors: header-column sizing, theme-icon setup, createActions(), t
4c21382349eace089b271524fe1c01b8f6f1e666	clone	deliberate	2026-09-12	C4, resetToDefaults tail.
4cdee70350aff56e1f14d808d6bd3c9b82485c9d	clone	consolidate	2026-09-12	done 2026-09-13 run 3 batches A-H (lines rewritten, see git log 5924340b..8788b25f); was: ttframesearchtask.cpp:83-107 (ref-stream FFmpeg open+setCancelToken+adopt-or-build index+setSearchMode) is structurally identical 
4ceff53c3df10457caa8f34cd7abf885ad9df764	convention	deliberate	2026-09-03	"avstream/ttac3audioheader.h:6 carries the ""Originally TTCut"" marker; members declared without `m` prefix (e.g. `int crc1;`, ttac3audioheader.h:125) matching ori"
4dcdd1a5d1a353ab29e0eaae8d1beb61b8a2cbf9	clone	documented	2026-09-13	TTAudioList/TTCutList/TTMarkerList/TTSubtitleList family, re-fingerprinted after the run-5 batches; run 2 ruled TTItemListStorage<T> out because the four differ exactly in the signal semantics a template would hide (docs
4ddbddd147727737a34a1a988112d104346e5889	clone	deliberate	2026-09-12	C7, treeview ctor tail, already base-shared architecture.
4f1448a48da27a1d6f22439c2b4b9a4ed41c57c8	clone	deliberate	2026-09-13	ttcutframenavigation.h:91-99, adjacent signal pairs of the black/scene search trio; changes only with the .cpp trio (clone x3 :506-529).
4f8a8f667f53d9cfc4aa02b75ef3ca863b4f0800	tool	consolidate	2026-09-12	complexity is concentrated in the targetAU-mapping/guardMax/skip-loop block shared verbatim with `decodeFrameYUV` (488-500, 510-514, 520-543 clones above); extracting `seekAndSkipToAU()` collapses that into one call. | t
4f9197baed0b38b15355338c0b7957b4d33a467b	tool	documented	2026-09-12	"CLAUDE.md, ""Frame display (TTFFmpegWrapper)"": ""`seekToFrame()` seeks to the keyframe BEFORE the target keyframe (DPB prefill) to ensure Open-GOP B-frames decode correctly after `avcodec_flush_buffers()`."" The function's "
4fb3ea35e9604b42a664a50a1056ca0c25a81b5d	tool	consolidate	2026-09-12	done 2026-09-13 run 3 batches A-H (lines rewritten, see git log 5924340b..8788b25f); was: evidence/target/reach: same as #153 (map A5 dead-abort-slot finding).
4fc6365aaff2ec6457b3ea675d99ff11ecde9f9d	tool	consolidate	2026-09-03	same as above — `segment_start_time` (ttcut-ac3fix.c:83) is dead, only zero-initialized.
4fdc43a8887622d4e0a4a295ba4f17de82777b0a	clone	deliberate	2026-09-12	C1, same TTThreadTask finished/aborted-deleteLater idiom (mMuxTask vs videoWorker vs anomalyTask).
4fe1a4c0b7e1cc62d537f2a1e956a5d23a60193d	clone	deliberate	2026-09-13	TTThreadTaskPool::wireTask and TTCutMainWindow::startAnalysisTask both connect finished/aborted of a task, to different receivers (pool bookkeeping vs analysis counter + deleteLater); wiring idiom
502ab5e9b8ae6aab397ef588ec923f8908b98bf2	clone	deliberate	2026-09-12	"""mux failed"" + elapsed-time logging in the preview task vs ""created video stream"" logging in `TTOpenVideoTask` — different purposes, coincidental `if(logCutPipeline()) qDebug()…` idiom match."
5043d2aeb17e8afd2e1b658e25c66904d3ac9e39	tool	deliberate	2026-09-12	QString/value bundle getters return by value like the project majority; implicitly shared (run-2 precedent lastError())
504b43da2acd0df776e29304c8b96185580f2e3e	tool	consolidate	2026-09-03	same class, DVB-subtitle extraction `-map 0:$idx` (ttcut-demux:2639).
5050233d26121d95895b4f436a8193b323da83bb	convention	deliberate	2026-09-04	`IStatusReporter` (istatusreporter.h:17) follows the same `I`-prefix interface convention as `ITTCalibrationStore`. `StatusReportArgs` (37) is a stateless enum/
505cd75af1838ce9670d5b10f4f859517c3ef4a8	clone	deliberate	2026-09-12	`parseCutSection`/`parseMarkerSection` opening boilerplate — per-section-type parser, same family as #6.
50687cf111e65f4f8b10a6e64c82fdd56ae31f59	convention	consolidate	2026-09-05	done 2026-09-05 batch E4 (the unprefixed action members moved into TTTrackTreeView as mp*): `mpAVItem` (prefixed, ttsubtitletreeview.h:63) alongside 4 unprefixed action fields + the dead `contextMenu` member (lines 64-68) — same within-class mix patter
507eb9a30e4ddf266a325208c9008178e2506e15	clone	documented	2026-09-13	mainwindow.cpp:2234-2243, subset of the onSearchBlackFrame body (026aa9fb).
50a4fa99d79fbca9777772958535fb432d05e2d5	clone	deliberate	2026-09-12	C7, treeview family already base-shared via TTTrackTreeView; remaining hit is per-view header/column setup that differs by list type.
50e8820a56f3deb5d30e5210c5d8d05ed77f0fe0	tool	deliberate	2026-09-12	same as size finding above.
51527500f2f7e44c80f582172b6ee57acaac7278	tool	consolidate	2026-09-12	done 2026-09-13 run 3 batches A-H (lines rewritten, see git log 5924340b..8788b25f); was: part of C12 — gui/ttstreampointwidget.cpp:260-262, `for (const QString& v : TTStreamPoint::repairPlannedSuffixVariants()) if (desc
516a4528d2a55aa7c0f2b6182222ab00a51b8b39	tool	deliberate	2026-09-13	for (const QString& v : variants) if (desc.endsWith(v)) return true; return false; (data/ttstreampoint.cpp:96-101, hasSuffixVariant). Run 2/3 precedent: a loop that reads no worse than the algorithm is deliberate. | ## P
52b04b48de200c5e32dda65ec18f9bf76509a72c	clone	deliberate	2026-09-12	ttsettings.cpp:48-52 (`setFastSlider`) vs :133-137 (`setCreateLogFile`) — early-out setter idiom (see clone x13).
52d21657e54412bb30aca0222ba56eff61461d19	method-size	deliberate	2026-09-03	same physical method as TTH26xCutTask::runCut above (`TTAVData::tr(...)` call at line 232 inside runCut, not a distinct method).
5318a144c5e8e69538a29aac4073759a9cc0aed9	tool	consolidate	2026-09-12	done 2026-09-13 run 3 batches A-H (lines rewritten, see git log 5924340b..8788b25f); was: part of C12 — gui/ttcutmainwindow.cpp:1386-1389, `for (const QString& v : TTStreamPoint::repairDisabledSuffixVariants()) if (desc.
5349a95e8e7ab73afad941f4aa182a734d0b0817	clone	consolidate	2026-09-12	done 2026-09-13 run 3 batches A-H (lines rewritten, see git log 5924340b..8788b25f); was: the border-mask sampling loop (`for row… for col… step=2`) duplicated between isFrameBlackAt and buildHistogramAt — see Part 2 for
53784f1b4e9e89a544d25f4da02bdda41ff69af0	clone	deliberate	2026-09-12	coincidental small UI-setup shape across unrelated widgets.
53898673222466ddf6d61716d330a3b857e32e94	tool	consolidate	2026-09-12	done 2026-09-13 run 3 batches A-H (lines rewritten, see git log 5924340b..8788b25f); was: evidence/target/reach: same as #123.
539a86b8cfc85775f65eaa0af5e641d962d37484	clone	consolidate	2026-09-03	exact-clone (334-336 vs 398-400), same underlying duplication.
539d89a4e0d866747598a8591e87baf5d3d44a4b	clone	deliberate	2026-09-03	overlapping windows are the ten consecutive one-line setters in TTH265SPS (avstream/tth265videoheader.h:152-161, `void setX(T v){ mX=v; }`) matched against simi
53dd39c83bf8515059647aff9e19378a82537e45	tool	deliberate	2026-09-04	same by-value convention across the whole class (see row above).
53e5a6a4c0903187c2aa7e7a2d3f3d3785609974	clone	deliberate	2026-09-03	parseH264SliceTypeFromPacket (ttnaluparser.cpp:1382) and parseH265SliceTypeFromPacket (ttnaluparser.cpp:1459) share an Annex-B start-code scan skeleton, but the
53f75a0e165b45b9f289bc269bda540e17c349d3	tool	deliberate	2026-09-03	called at gui/ttcurrentframe.cpp:195 and gui/ttcutoutframe.cpp:81 — same cross-file visibility gap.
544f21549d5849d667b2b3d5f02a5b6fb14c9088	tool	deliberate	2026-09-03	`(TTPicturesHeader*)header_list->getNextHeader(...)` is one of 15 old-style C-casts of header-list results in this same file (avstream/ttmpeg2videostream.cpp); 
546fad110aa63d91eca2b4b8505c05d330d1c029	clone	deliberate	2026-09-13	connect() list of the navigation constructor, re-fingerprinted after batch D removed the search connects (was clone x17/x15 ttcutframenavigation.cpp:139-150, deliberate: one connect per button-slot pair, pointer-style wi
5488d6206bafd8a57f4805d814bcf2a2a4a50637	tool	deliberate	2026-09-03	same reasoning as line 191 above, this time `$(build_duplicate_timeline_args 3840 2160 50)`.
549e5a9fcf218847ef85838946508cb953c893b7	clone	deliberate	2026-09-12	two small guard fragments inside one function, same file — low value to extract.
54e3ea38c98d4e740629203c91eecee04d1c0537	clone	deliberate	2026-09-04	same-file scenario-block self-clone, part of the harness-boilerplate class (see row 4).
55022da7d20d3c860e5b23dca04966e0cb4fc212	method-size	deliberate	2026-09-04	a single flat switch/case keyboard-shortcut dispatch table (13 keys × modifiers → distinct navigation signals); length is proportional to the number of shortcut
550d712c71831ad2fb43aa52b3615521e3797635	clone	consolidate	2026-09-12	done 2026-09-13 run 3 batches A-H (lines rewritten, see git log 5924340b..8788b25f); was: `TTFrameIndexer::parseH264FieldInfo`'s exp-golomb slice-header walk (ttframeindexer.cpp:257-269: first_mb_in_slice/slice_type/pps_
5577e934e34324314b5dfed14ae4897fd756c8f4	convention	deliberate	2026-09-04	comment style, no structure; older forms remain in place per conventions.md
5577ea4ecdfe2bbc425c95f9fa102e1177b397a3	clone	consolidate	2026-09-12	"done 2026-09-13 run 3 batches A-H (lines rewritten, see git log 5924340b..8788b25f); was: another window of the "".info"" fallback family (#20). | target/reach: same as #20."
5593a5343587e94f9b21a5cf1249c3e002ba1aed	tool	consolidate	2026-09-12	done 2026-09-13 run 3 batches A-H (lines rewritten, see git log 5924340b..8788b25f); was: gui/ttcutsettingsencoderdefaults.cpp:54-58, body only uses the `cb` parameter and `kPresetCount`, never `this`. | target: `static 
55dc678d1a675a2bf4110d97f474a8462fb6ee01	tool	consolidate	2026-09-13	done 2026-09-13 after the rescan: onLogoDataLoaded only null-checked vs once batch B moved the load into loadMarkadLogoProfile - the local is gone
5603a02995f8a85af3babf1380fdfa4d4a3c7052	clone	deliberate	2026-09-12	connect-chain idiom, same as #1.
5631f19b435a5885daa8ea57a70fbef4ffe116df	clone	consolidate	2026-09-03	"ttcut-demux:1381-1382 (VDR-multifile per-segment `ffprobe -show_entries format=duration ... || echo ""0""`) and 1387-1388 (single-file variant, `|| echo """"`) are "
5641c3735dd8ec1ecda41becc4c1096de7d36d4e	clone	consolidate	2026-09-04	done 2026-09-04 batch D: onThreadTaskFinished (ttthreadtaskpool.cpp:230-253) and onThreadTaskAborted (258-306) both open with the identical 4x `disconnect(task, &TTThreadTask::..., this
56453d47eb6ec6b35727edf2b4dfe6c4b4bdec03	tool	consolidate	2026-09-04	done 2026-09-04 batch B: unlike TTMessageLogger, this constructor is `public` (ttsettings.h:27) and documented for test-fixture injection (comment at :21-23); Qt convention marks single
565b1414b461f888d72ef89100b1391397a0e422	tool	consolidate	2026-09-12	"function combines XML parsing, path validation, repair-range validation (#75) and task dispatch (#56) in one body; target: extract the repair-validation block (#75's helper) and the ""read+validate+dispatch"" phases into n"
567365510f65784df091432571abe83c7d25347a	tool	consolidate	2026-09-12	gui/ttstreampointwidget.cpp:173-266 builds a QMenu conditionally (delete/cut-in/cut-out/repair variants/delete-all) then dispatches on the chosen QAction* in one long if/else chain — no map documents this specific functi
56a9d29324ea1298f6dc8021d953608868f8dcf5	clone	deliberate	2026-09-13	ttavdata.cpp:94-105 run of pointer-to-member connect() lines (docs/conventions.md cpp/connect_style: pointer); 64 sites each binding a distinct signal/slot pair; sibling clusters already deliberate in the store; one verd
56c214b40f80c78b57c74c2f7cf8c14b7d9855b2	clone	consolidate	2026-09-03	"exact clone of gen_audio_ac3's body (79-83) vs gen_audio_mp2's body (88-92) — `local out=$1`; `local duration=${2:-120}`; `ffmpeg -y … -f lavfi -i ""sine=…""`."
56cadd86dcdf908c899c0a55f3bea6ccc45f6feb	tool	deliberate	2026-09-12	"the function's own comment (extern/ttffmpegwrapper.cpp:1206-1216) documents a specific, previously-shipped bug it fixes: ""the old code dropped the packet instead; with a B-hierarchy the queue then stayed full, EVERY rema"
56e6fafd3f6ec8678e3c282b1ea7de829d7cfef5	clone	deliberate	2026-09-03	build_tux_timeline_args (118-131) and build_duplicate_timeline_args (162-171) share only the 3-line signature/heredoc-open boilerplate (`local W=$1 H=$2 R=$3`; 
56f66efd8d230c548529a80fd4d9684eec54ff6f	clone	deliberate	2026-09-13	TTSettings getter/setter/early-out idiom, re-fingerprinted after batch A removed audioOnlyFormat(); settings-state.md documents the 76 plain App-Default fields, run-5 classifier ruled the class deliberate
576567ebfb6573d0d6b7523f2f742baeff3ceb94	tool	deliberate	2026-09-12	QString/value bundle getters return by value like the project majority; implicitly shared (run-2 precedent lastError())
57c58de7a8f8efc7dffcdfe133e33664f9977daa	convention	deliberate	2026-09-03	extern/ttffmpegwrapper.cpp uses `qDebug()` 53x, all gated behind `TTSettings::instance()->logFFmpegDecoder()`/`logSmartCut()` flags (e.g. :203-210) for optional
57dd6a62708a329ca4ae4297485933d6d2ab80be	tool	deliberate	2026-09-12	same as #176 (`onDoCut`).
5806546cbdce5e289dbf8e6af2f560193ee30e50	tool	consolidate	2026-09-13	done 2026-09-13 run 4 batches A-E (lines rewritten, see git log ed6939fe..0400b9a0); was: QImage roi = fullFrame.copy(clipped); (data/ttlogodetector.cpp:232) inside TTLogoDetector::extractGrayscaleROI; the class has a pu
5816eecc53bd1b94f12530810714235bc5dbfcaf	tool	deliberate	2026-09-12	same reasoning as #148.
581bd65d3b4c746cabbf4f748604d81356b37ea2	method-size	documented	2026-09-04	"docs/code-map/smart-cut.md ""Variant matrix"" + CLAUDE.md smart-cut section: ""processSegment() picks one of two reachable branches: SPS-Unification... otherwise t"
58319ef441d955971780e546316c424f96e9b522	tool	consolidate	2026-09-04	done 2026-09-04 batch B: `QString TTException::getMessage() const { return message; }` (ttexception.cpp:39-42) copies a stable member with no other overrides in the hierarchy (single de
5834670370b542dfffb014be29555753b5037da6	clone	consolidate	2026-09-12	"done 2026-09-13 run 3 batches A-H (lines rewritten, see git log 5924340b..8788b25f); was: another window of the #20 "".info"" fallback family. | target/reach: same as #20."
5837482e44ed39e220de2dbd1140a8f589db4f58	tool	deliberate	2026-09-04	all of TTMessageLogger's message methods (infoMsg/warningMsg/errorMsg/fatalMsg/debugMsg/logMsg/writeMsg, ttmessagelogger.h:43-47,78-79) uniformly pass `QString`
587d6d735b3bcae6e143a5fff84ba2d8e1679665	clone	deliberate	2026-09-03	"tools/diag/test_audiorepair_cut.cpp:71-72 comment explicitly states ""Same convention as test_audiorepair.cpp / tools/ttcut-audiofix / ffmpeg's own AC3 decoder c"
588c306ad7df76a08720ea82bb99eab9e3c776b7	convention	deliberate	2026-09-03	file consistently uses `/**` Doxygen blocks throughout (16/16 comment blocks start with `/**`, 0 legacy-banner style), locally consistent.
58ad74cfa81b019668c2c53adcb5e99db66afe34	include-cycle	documented	2026-09-04	"docs/code-map/INDEX.md ""Module dependencies"": ""The one remaining cycle is **avstream → extern → mpeg2decoder → avstream** through a single edge on the first leg"
591179cd5568220eba1c48834b13208dc79a10d8	tool	consolidate	2026-09-12	private, non-slot helper (data/ttcutprojectdata.h:76) that only operates on its `TTAVItem*` parameter; safe to declare `static`. | target: add `static`; reach: 1 declaration + 1 definition, no call-site change (private m
59995933f77a6e76e8008e07fbf223f37d22e9da	tool	deliberate	2026-09-03	every construction site uses `new TTMpeg2Decoder(...)` behind a pointer (gui/ttquickjumpworker.cpp:50, extern/tttranscode.cpp:170, data/ttframesearchtask.cpp:60
59c4a13b73eaabff8e4599ad36178cc5453b4716	tool	consolidate	2026-09-12	done 2026-09-13 run 3 batches A-H (lines rewritten, see git log 5924340b..8788b25f); was: gui/ttcutpreview.cpp:848-852, `h26x->displayOrderMap()` is passed by value into `smartCut.setDisplayOrderMap(...)` — read-only use
59eea474c7bbdf6a5b441d228e3eff11a2fe96d1	tool	consolidate	2026-09-12	done 2026-09-13 run 3 batches A-H (lines rewritten, see git log 5924340b..8788b25f); was: same finding; `void operation();` at ttframesearchtask.h:40 lacks `override` unlike its siblings.
5a88c39819d217f595c1c4af10aac32ccb3534ab	clone	deliberate	2026-09-12	`appendAudioEntry`/`onRemoveAudioItem` vs `appendSubtitleEntry`/`onRemoveSubtitleItem` — per-type mirror, same family as #18.
5ac4095ead8968a775557f33cd1f1f1e52abc19b	tool	consolidate	2026-09-12	done 2026-09-13 run 3 batches A-H (lines rewritten, see git log 5924340b..8788b25f); was: same function/pattern as above. | target/reach: same as above.
5bc8f8294758372fb072bc1b7b4471b559af44ad	tool	consolidate	2026-09-05	done 2026-09-05 batch F (section/AU/grid helpers, e0a2d4d4): getopt_long parsing (840-853) is not the complexity driver; verbose-print blocks are interleaved with the 6-step orchestration (open→find PID→collect AUs→detect
5c9ee8bd65771cd38ed2d54c9df7dbcf3a72dfb7	upward-include	documented	2026-09-03	see include-cycle row: avstream->extern is the documented stream-owns-decoder edge
5cba0065c9e91e6e0a6b5f6c98bc018b9c4221bc	clone	consolidate	2026-09-12	done 2026-09-13 run 3 batches A-H (lines rewritten, see git log 5924340b..8788b25f); was: ttthreadtaskpool.cpp:247-252 (`onThreadTaskFinished`, inside `if (mTaskQueue.isEmpty())`) and ttthreadtaskpool.cpp:283-288 (`onThr
5cc787e69349ed9b85dd789017ccd1765cc07b9b	tool	consolidate	2026-09-03	`wait ${AUDIO_PIDS[$i]}` (ttcut-demux:1749) waits on a single PID (array element indexed by loop var $i); quoting is safe and mechanical.
5ccbef401ea54c99b7739b2124f7981b6a683aa5	clone	deliberate	2026-09-12	overlapping window of the same connect/disconnect idiom (79 sites, common/data/extern/gui); same verdict as the sibling classes above.
5d337a0af6e4890bd3c7147744c36ffab62d7815	tool	consolidate	2026-09-12	done 2026-09-13 run 3 batches A-H (lines rewritten, see git log 5924340b..8788b25f); was: `TTCutVideoTask::init` copies straight into `mTgtFilePath` with no local mutation; target: `const QString&`; reach: 1 signature.
5d54158bc4567d5c7e390426e64c98e241579c36	clone	deliberate	2026-09-12	`cutSubtitleTracks` declaration vs definition — same idiom as #42.
5d65b1418acba7416e334e42af92395281d66198	clone	deliberate	2026-09-04	small sub-range of the row-13/18 abort-assertion boilerplate, shared with test_cut_outcome.cpp; same class.
5defb27a5027b0e8e59c28366e9d7a553f6aac9f	clone	consolidate	2026-09-12	done 2026-09-13 run 3 batches A-H (lines rewritten, see git log 5924340b..8788b25f); was: C5, gui/ttcutavcutdlg.cpp:312-326 (`populateMuxerProg`) vs gui/ttcutsettingsencoderdefaults.cpp:60-77 (populateH264/H265Profiles) 
5df2eb3d71053f9714ee6bed8319ff5f603f8b19	convention	deliberate	2026-09-03	header uses `/**` Doxygen-style class/member doc consistently (1 block covering the class, standard SPDX file header above it). No mixed style.
5e7bab4466d31a0e01944396807b90b5b8294345	convention	deliberate	2026-09-03	file uses `/*! … */` in all 16 header comments, 0 `//!` (ttmpeg2window2.cpp:24, 58, 66, 151, 168, 177, 211, 271, 306, 325, 393, 460, 471, 485-487 …) — locally c
5ea989ad1c58653fb68950cb82909a330176a683	tool	consolidate	2026-09-12	`mCutIn`/`mCutOut` (data/ttcutvideotask.h:76-77) have no default member initializer and are only set in `init()`, not the constructor — a latent read-before-init risk. | target: add `= 0` default member initializers (or 
5ecbea681704bb3ce3e0fb0b3458264ffd127568	tool	consolidate	2026-09-03	"tools/vdr-demux-example.sh:172 `rel_path=""${dir#$IN_PFAD/}""` — `$IN_PFAD` inside the `${...#pattern}` expansion is unquoted, so it's glob-matched as a pattern i"
5ef5da4c7a8a886e14e7e95997c81a47b26fb10a	clone	consolidate	2026-09-03	gate_audiofix.sh:407-421 inlines the literal `<!DOCTYPE TTCut-Projectfile>...` XML template; make_test_video.sh:97-108 already extracts this into `write_ttcut_p
5f3999241543515d44ff1c18b5dc2dcfd249bd18	clone	consolidate	2026-09-12	two repair-range validation blocks (negative/inverted range; range past file end) in `parseAudioSection`, each disabling the repair with a similarly-shaped warning message. | target: `disableRepairWithWarning(repair, rea
5f3e5adcb51dc909a9e2cc776d760eea17df0767	clone	deliberate	2026-09-12	plain const-getter one-liners in `TTAVData`/`TTAudioRepairItem` — coincidental token match on the `Type Name() const { return m...; }` getter idiom, not a shared responsibility.
5f85a013b10447bf5c7266b22ed718db3d8e49cc	clone	documented	2026-09-13	mainwindow.cpp:2219-2226, header of onSearchBlackFrame; body covered above (026aa9fb).
5f966f21c2610814b5863013816d36ffa823124c	clone	deliberate	2026-09-03	data/ttavdata.cpp:1359-1365 (preview task pool wiring), :1926-1933 (H26x cut), :2555-2560 (audio-only cut), plus gui/ttaudiorepairdialog.cpp:302-305, gui/ttcuta
5fc9a4a0ea1d33f81077d1c4a4bbbaec62f414e9	convention	deliberate	2026-09-03	file predates the TTCut-ng SPDX convention (original 2005/2006 Tim Straubinger / 2007/2008 b. altendorf copyright header, gui/ttcentredtitlestyle.cpp:1-13) and 
603ee9b4f11081d8ca7e7f33e1e1298ac9849907	clone	deliberate	2026-09-04	`TTSequenceHeader`/`TTSequenceEndHeader`/`TTGOPHeader`/`TTPicturesHeader` (ttmpeg2videoheader.h:78-160) each declare the `readHeader(TTFileBuffer*)` / `readHead
6043bcbc79623a942b8a8cecaf7b04427ce1a22e	clone	deliberate	2026-09-13	mainwindow.cpp:220-227 vs :228-233, two windows of the setupImagesAndIcons() icon list (see clone x9).
604d7ef02b6cadf22d3d7051b6fe57fa08f1fe32	clone	deliberate	2026-09-12	C9/C7. gui/ttcutmainwindow.cpp:388-409 (`connectAVDataSignals`) is plain `connect()` sequencing; ttcuttreeview.cpp:124-136 is the TTTrackTreeView-family onAVDataChanged connect/disconnect block (already base-shared per C
60548474d7d8f9fac464330eda81ff9cf6f5da3d	tool	consolidate	2026-09-03	collect_access_units (398-554, ~156 lines) mixes 4 groups: (a) VDR segment discovery delegation, (b) per-segment mmap + packet-scan loop (440-448), (c) continui
607bb9046513cab18640d8bd839c60067eed54c2	tool	consolidate	2026-09-12	plain private computation helper (audio-cut-timing.md's `PLAN` node), not a slot; target: add `static`; reach: 1 declaration + definition.
60886deb24a8c6d77973a6f300a04ec57613cf17	clone	deliberate	2026-09-12	`QDomNodeList nodes = xmlRoot->childNodes(); for(...) { … if(elem.isNull()) continue; …}` — the file's standard XML-root-iteration idiom.
609fbfd6af58682825cf2dfd64dfe3c13301a57a	method-size	deliberate	2026-09-03	"302-line method; audio-cut-timing.md names this function specifically: ""Die zwei Vorschau-Pfade (`TTCutPreviewTask::createH264PreviewClip`, ...) bauen weiterhin"
60f022872257a8586f15d7d055adadff9291a032	tool	deliberate	2026-09-12	`onRemoveCutItem` is an actively-connected public slot (`gui/ttcuttreeview.cpp:165: connect(this, &TTCutTreeView::removeItem, mAVData, &TTAVData::onRemoveCutItem)`); kept as a non-static instance method for interface con
60fe6c72513cefe1c0adfec664a04f5f5b358ec1	clone	deliberate	2026-09-12	C9, connect() sequencing (connectStreamPointSignals/connectAVDataSignals).
610454c8cae8b43113a3d9941a2c221297a6302a	clone	consolidate	2026-09-04	4-line block if(TTSettings::instance()->logXxx()) qDebug()<<...; repeated verbatim in shape at extern/ttaudiocutter.cpp:164-171 (logFFmpegDecoder) and extern/tt
61316757466edc3dfacaa9abf8118963b199e3ba	clone	consolidate	2026-09-03	"`record_junk` (ttcut-audiofix.c:388-397) and `record_crc_bad` (:403-412) share the identical realloc/`MAX_REPORT_ITEMS`-cap pattern; the comment at :402-403 (""G"
61826a15b7399663ec88d21bcad7d72ad9459734	clone	consolidate	2026-09-12	"done 2026-09-13 run 3 batches A-H (lines rewritten, see git log 5924340b..8788b25f); was: same screenshot per-category/per-tab loop family as the ""208-227"" row above. | target/reach: same `captureEachPage()` helper."
6195f2902f5ea4111935c35b93cfa5d1b9f6ce5a	convention	deliberate	2026-09-04	file holds legacy free functions (`ttAssigned`, `ttFileExists`, …, ttcommon.h:5-17) plus `TTTimeCode`, all original-TTCut era; no `m`-prefixed members present a
61f2d5a57f82251f23788a21eb8aa405dafdefeb	tool	deliberate	2026-09-12	QString/value bundle getters return by value like the project majority; implicitly shared (run-2 precedent lastError())
6207597e89ebe74e86eec0fb7a1a87b65226bc40	clone	deliberate	2026-09-12	"`detectCutOutBurst`/`detectCutInBurst` (2699/3150) — explicit banner comment ""All sites must probe the same boundary time"" documents these as the deliberately-parallel in/out halves of one burst check; audio-cut-timing.m"
625560e48c3943cb6e7757ec0ba22088aef41fd2	clone	deliberate	2026-09-12	C9, unrelated domains (AVData signal wiring vs mpv backend event-connect wiring) matched only on the generic connect-sequence shape.
62b525cb517e66b2d7738fa47d19c654274b77d7	tool	deliberate	2026-09-12	gui/ttcurrentframe.h:52 declares `void wheelEvent(QWheelEvent* e);`, same `QWidget` virtual-override situation as `closeEvent` above. Tool false positive.
62eff09e1cf02cd954aedbf3ce980825d52da186	clone	consolidate	2026-09-12	"done 2026-09-13 run 3 batches A-H (lines rewritten, see git log 5924340b..8788b25f); was: the ""drain `av_buffersink_get_frame` into `collectSilenceResult`+`av_frame_unref`"" loop appears 3 times inside `detectSilencePoint"
63684d400cd0d704b4396a1fe80eb5a9dfbdcf4e	clone	deliberate	2026-09-12	connect-chain idiom, same as #1.
6388a99f85ceb84b0012e3028631999afc1cbe7d	clone	deliberate	2026-09-03	list classes differ in signal semantics (clear/remove/update/swap); shared part ~50 lines per class, rulings.md batch D
63ac003cb8c7fea333128e1ca6e774fa2c3b4470	clone	deliberate	2026-09-12	coincidental dialog-button-plus-connect setup shape, different dialogs/domains.
63e6de9095e223fc79cf4fffe1cb6739cfc3664e	clone	documented	2026-09-13	TTAudioList/TTCutList/TTMarkerList/TTSubtitleList family, re-fingerprinted after the run-5 batches; run 2 ruled TTItemListStorage<T> out because the four differ exactly in the signal semantics a template would hide (docs
63ec72ddc8acf4f39146128ac635de2edd9e05b5	clone	consolidate	2026-09-05	done 2026-09-05 batch E4 (TTTrackTreeView): tail of onContextMenuRequest, onReloadList, createActions, createLanguageCombo — near-identical; matches prior audit fingerprint 79ef3d8d (225-288/218-280 range
63fbfca2be69fa65e2097c10d33bb7cca942145c	clone	consolidate	2026-09-12	"both build a `TTStreamPoint`, `results.append(pt)`, then `mLog.event(tr(""%1: X %2 -> %3"").arg(ttFormatStreamPosition(...)).arg(...))` — audioworker.cpp:377-384 (AudioChange) vs videoworker.cpp:178-184 (AspectChange). | t"
64602cf19e63c72e50f934a726487b58ca6c6fea	tool	consolidate	2026-09-04	done 2026-09-04 batch B: ctor declared `TTMpeg2Decoder(QString cFName, ...)` in ttmpeg2decoder.h:66; 6 call sites (ttquickjumpworker.cpp:51, tttranscode.cpp:170, ttsearchtask.cpp:79, tt
648a303d0c4f48946d9f664035e5863f984c0f28	clone	consolidate	2026-09-12	`defaultDurationNs`/`isPAFF`/`paffLog2MaxFrameNum`/`videoCodecId` population duplicated between a final-cut MKV-params builder in `TTAVData` and playback.md's documented `TTCurrentFrame::buildPlaybackMuxParams` — two ind
6498907081691bf5c9e7e371da71e00addddbb79	clone	consolidate	2026-09-12	done 2026-09-13 run 3 batches A-H (lines rewritten, see git log 5924340b..8788b25f); was: `appendAudioStream`/`appendSubtitleStream` declarations vs `doOpenAudioStream`/`doOpenSubtitleStream`/`doOpenVideoStream` — this i
64d156d141b89af3a669996174474a2482c78c34	clone	consolidate	2026-09-03	ttcut-demux:2036-2039 (SPAN_FIRST_PTS min-packet-PTS fallback), 2045-2047 (SPAN_LAST_PTS first window) and 2050-2053 (SPAN_LAST_PTS widened retry) all repeat `f
64e822b24f34d1399c7816d15af8887007d7d0dd	clone	deliberate	2026-09-04	"test_audiorepair_cut.cpp:120-121 explicitly comments ""Mirrors test_audiorepair.cpp's helper of the same name"" directly above its copy of `readAllFrames()` — an "
64ff64187fac1fcc8e30400a870cdfc074421bfd	tool	consolidate	2026-09-03	build-package.sh:112 `dpkg-buildpackage -b -uc -us -j$(nproc)` — unquoted command substitution, shellcheck SC2046 is correct, no word-splitting is intended.
6599421bf2cc5c48aa9e0563cc2e863c8be89850	clone	deliberate	2026-09-04	settings.value() load-idiom, Encoder/Muxer groups (ttsettings.cpp:689-730).
662660b98f52fee7af838a5893a64054228d3c12	clone	deliberate	2026-09-12	C4, saveTabData tails (confirmed by reading all three files in full).
6647423715f4c223df90250b3d17e37a4c80ca2e	clone	deliberate	2026-09-03	per-variant ffmpeg parameter sets; the shared part is the encoder flag tail
6664c9ad6c43555b59c16c5a16cf3ff7f7897c30	clone	consolidate	2026-09-12	done 2026-09-13 run 3 batches A-H (lines rewritten, see git log 5924340b..8788b25f); was: exact clone *within the same file*: the NAL-type search loop in `parseH264SpsFromExtradata` (ttframeindexer.cpp:164-168, predicate
6690c1a6358a5aa985887767a8b6d3f80b4ff405	clone	deliberate	2026-09-12	`writeCutSection`/`writeMarkerSection` — both already delegate leaf writes to the shared `addTextElement`; remaining shape is per-element field lists (CutIn/CutOut vs MarkerPos/MarkerType), not further reducible without 
66fd84799abd16a90d917cd5f4c2c9a901ed632b	clone	consolidate	2026-09-03	extern/ttffmpegwrapper.cpp:422-430 (SPS-type-7 search), :507-514 (slice-type search); extern/ttmkvmergeprovider.cpp:162-169 (`parseInlineSpsLog2MaxFrameNum`), :
67bbce0f09c8ee79d915312a12cfd74f910184eb	convention	deliberate	2026-09-12	"file uses `log->debugMsg(...)` throughout (lines 162,164,181) with one stray `qDebug(...)` at line 186; conventions.md: ""Files that still log through `log->` throughout stay internally consistent … the scanner lists them"
67d1f6c64cc0fc8a0cf4aeee3dab63e116a919ea	clone	deliberate	2026-09-04	spans the boundary between two `generate_mpeg2_*()` wrapper functions; shared logic already factored into `encode_variant()` (make_test_video.sh:192-218) and `b
67f7f18147ecd4e18304a5a29942959e58031173	tool	deliberate	2026-09-12	same as #176.
6864fb8b323f9a1ca04bb2e13f3b4914104db68f	clone	consolidate	2026-09-03	same duplication as the x8 class above (splice-gap block plus its trailing `sort -n -o` line); ttcut-demux:338-358 vs 403-438.
686684ccf473718c0ff09a41598701e29091d186	convention	deliberate	2026-09-03	gate_h264_seam.sh:27 `set -euo pipefail`, same strict-by-default gate-script family as gate_h264_leading.sh/gate_hevc_align.sh (argument-validation heavy, singl
68c7071d8d17f3357b671a3e68485029e2871a55	tool	consolidate	2026-09-12	done 2026-09-13 run 3 batches A-H (lines rewritten, see git log 5924340b..8788b25f); was: evidence/target/reach: same as #147/#156/#199.
68d3aef5a724edd95b1efae32ffd175e434312c5	convention	deliberate	2026-09-03	"avstream/ttvideoindexlist.cpp:6 carries the ""Originally TTCut"" marker; legacy-file convention split as above."
68f7f23cbb43081b26349cb81d79eda64c053209	clone	consolidate	2026-09-05	done 2026-09-05 batch E3 (TTAbortableTask, 717fcf5a): data/ttaudioonlycuttask.cpp:68-142 vs data/tth26xcuttask.cpp:82-170 — the larger shared span (cleanUp+abortCleanup+abortNow+abortIfRequested+reportStep+reportSt
6951bf025064f99a1c9335eea7d4820d9ceb3616	clone	deliberate	2026-09-03	list classes differ in signal semantics (clear/remove/update/swap); shared part ~50 lines per class, rulings.md batch D
6987b921e83a63c000309364aa8fedf4dc8f4fdf	clone	deliberate	2026-09-12	`connect(cutPreviewTask,…)` vs its matching `disconnect(cutPreviewTask,…)` — necessary connect/disconnect symmetry, not duplication to extract.
6993b63feb110b5e69d407eeec297ba04d8ec903	class-size	documented	2026-09-03	smart-cut.md documents the seam variants; size is intrinsic
69aac2e01ff69b1777c7e25e8433bd817dc7ee03	convention	documented	2026-09-03	common/ttmessagelogger.cpp:226-233/301-304 documents that a Qt message handler installed in main() intercepts qDebug() and re-enters `ttQtMessageHandler → debug
69da774a6f0788cb28d14e183dc4eed1378daece	clone	deliberate	2026-09-12	`TTAVData`/`TTAVItem` destructors, `if (mpX != 0) delete mpX;` per owned member — standard destructor-cleanup idiom, different members per class.
6ab1e940a3fb9316e780398892b54944d8ed8731	clone	deliberate	2026-09-12	C9, connect() sequencing.
6abb45f488342ccebcd50f4f5a9780a03d59319b	clone	deliberate	2026-09-13	TTSettings getter/setter/early-out idiom, re-fingerprinted after batch A removed audioOnlyFormat(); settings-state.md documents the 76 plain App-Default fields, run-5 classifier ruled the class deliberate
6ac9b9e171ec70cef112c7fd59ebc0b9f99bd01a	clone	deliberate	2026-09-03	list classes differ in signal semantics (clear/remove/update/swap); shared part ~50 lines per class, rulings.md batch D
6b85eb6e8e9d2cba2cfd0de6c4fc260f93e2bd05	tool	consolidate	2026-09-12	done 2026-09-13 run 3 batches A-H (lines rewritten, see git log 5924340b..8788b25f); was: evidence/target/reach: mechanical, 1 line.
6ba31e3768740b517ea63f9ace49f095f84f5594	clone	deliberate	2026-09-12	"both are the repeated `if (TTSettings::instance()->logXxx()) qDebug() << ""…"";` one-line-per-line idiom (ttessmartcut.cpp:813-820, `logSmartCut()`, summary lines ""Complete""/""Frames stream-copied""/…; ttffmpegwrapper.cpp:16"
6bc7b311207369ec8e941ae967e811494322288d	clone	deliberate	2026-09-04	same idiom class as above (function-boundary + `encode_variant` call, HEVC/H.264 duplicate-section variants); see 192-218/122-135 for the shared helper already 
6bd42ef409a04783a4001acb08e7908bb7afae85	clone	deliberate	2026-09-12	ttsettings.h:70-76 (`stepPlusCtrl`/`stepPlusShift`/`stepMouseWheel`) vs :319-326 (`mkvChapterInterval`/`audioOnlyFormat`/`audioOnlyBitrateKbps`) — declaration idiom.
6bdbd04547480130550606bc2660263af5d4025b	clone	deliberate	2026-09-03	matches TTESInfo's own `int frameRateNum() const { return mFrameRateNum; }`-style getters (avstream/ttesinfo.h:93-99) against TTH265SPS's getter/setter block (t
6be7302c3de16ca6c5e285511ae576c8c1ca5302	clone	consolidate	2026-09-03	same as above, 1-line-shifted window (317-321 vs 464-468).
6be7515ffe3e704e62a078b4be7dbe0878811904	convention	deliberate	2026-09-04	all 12 private members (log, editCutData, isControlEnabled, currentPosition, cutInPosition, etc., ttcutframenavigation.h:104-115) are unprefixed with no `m`-pre
6c285552e0c149a20bbcbc5f9ff0c28bb346f5c1	clone	deliberate	2026-09-12	`writeCutSection`/`writeMarkerSection` tails using the shared `addTextElement` primitive — same as #40.
6c308f508c6be4bbdc1e664adde47eb04188d2eb	clone	consolidate	2026-09-12	done 2026-09-13 run 3 batches A-H (lines rewritten, see git log 5924340b..8788b25f); was: C2. gui/ttcutmainwindow.cpp:2253-2301 (`onSearchBlackFrame`) and :2329-2378 (`onSearchSceneChange`) are identical except the task 
6c4ed1c26294233942c1d11dd252fe865a75e787	tool	consolidate	2026-09-12	done 2026-09-13 run 3 batches A-H (lines rewritten, see git log 5924340b..8788b25f); was: gui/ttaudiorepairdialog.cpp:62-66, `AVCodecParameters* cp = fmtCtx->streams[i]->codecpar;` is only read (`cp->codec_type`, `cp->sa
6c529daca41db66c52a2331f10aa3938aba19872	tool	deliberate	2026-09-12	both loops are max-reductions; std::accumulate is the wrong algorithm, std::max_element on a derived quantity reads no better (run-2 precedent)
6c585ad4cf46a4e3f71ca846dbe97b615c52dc57	clone	consolidate	2026-09-12	done 2026-09-13 run 3 batches A-H (lines rewritten, see git log 5924340b..8788b25f); was: identical `QList<QPair<int,int>> cutFrames` build-from-cutList loop at ttavdata.cpp:1890, ttcutpreviewtask.cpp:534, gui/ttcutprevi
6cc4df79123342c4d704f13c1e03a3ba8bc1fe66	clone	deliberate	2026-09-12	C4, setTabData tail across unrelated settings pages.
6cf2284716ac071c24d258ead958f52cee65cc77	convention	deliberate	2026-09-03	all 6 logging call sites in this file are `qDebug` (ttmpeg2decoder.cpp:226,231,236,337,344,361; mostly commented out), 0 printf. The file is a Qt C++ class (`#i
6cf958669b515e7a79701dd72fa5b187a878e871	tool	deliberate	2026-09-12	QString/value bundle getters return by value like the project majority; implicitly shared (run-2 precedent lastError())
6d1350a692cdf59a70b01f7b03939c796a38ada2	clone	consolidate	2026-09-12	C2 (logo-search family), small fragment inside the same still-open caller-side triplication. | target/reach: folds into the C2 helper.
6d38aee8b9a572685c5eeb61cd30a44e724834e0	tool	consolidate	2026-09-12	same as above. | target/reach: same as above.
6d826595329976dc19fa965300a79fdd8caf068b	tool	consolidate	2026-09-12	"done 2026-09-13 run 3 batches A-H (lines rewritten, see git log 5924340b..8788b25f); was: same dead-slot pair as Part 2 §A5 — the real fix is ""connect it to the task's `aborted` signal, or remove it"" per stream-open-proj"
6d935a691094ca9ee3ffc4489cde21ff6047e693	clone	deliberate	2026-09-12	C9/C7. gui/ttcutmainwindow.cpp:338-362 (`connectStreamPointSignals`/`connectVideoSliderSignals`) is pure `connect()` sequencing; the treeview sites are TTTrackTreeView-family ctor wiring (already base-shared, gui/ttaudio
6dedf153306c917b575f31cbc533c116269b5da7	tool	consolidate	2026-09-03	"`CLASSIFIED_FILES[$i]=""$CLASSIFIED_FILE""`, same array-subscript class as GAP_FILES[$i] just above it."
6e0a06505701e8799338248bc4c9fd166d40c1e2	tool	deliberate	2026-09-12	same as #187.
6edb9903ba27ca391b3f9f1aaac657dbf744a757	tool	consolidate	2026-09-12	done 2026-09-13 run 3 batches A-H (lines rewritten, see git log 5924340b..8788b25f); was: evidence/target/reach: mechanical, 1 line.
6ee08650d642f37bf9044802df47e0a3f75860e9	tool	deliberate	2026-09-12	raw `for` loops with an early-return/break are the codebase's overwhelmingly dominant idiom (confirmed by dozens of examples reviewed across this file — every clone row above with a loop body uses a plain `for`); convert
6f7802a9348f105fd34e504dbd7a8b242a1852e7	clone	consolidate	2026-09-03	"`record_junk` (ttcut-audiofix.c:388-397) and `record_crc_bad` (:403-412) share the identical realloc/`MAX_REPORT_ITEMS`-cap pattern; the comment at :402-403 (""G"
6ff432ec72a1563c0a72a1440e09cb3d415d7de3	tool	consolidate	2026-09-12	done 2026-09-13 run 3 batches A-H (lines rewritten, see git log 5924340b..8788b25f); was: evidence/target/reach: mechanical, 1 line.
7003bcb99991a81d0002bead7c72e308c9239791	tool	consolidate	2026-09-12	evidence/target/reach: same finding as #130 (size + complexity are the same underlying function).
70829a49c8ef5d74f9036e27eeacf2c83fc52f1f	tool	deliberate	2026-09-12	"gui/ttmpvlibbackend.cpp:32-35, `TTMpvLibBackend::~TTMpvLibBackend() { shutdown(); }` calls its own override; `TTMpvLibBackend` has no further subclasses in the tree, so the ""virtual dispatch narrows to the base class"" ha"
708f94a915ebc8c9501fef818a1eca5ea5300253	clone	consolidate	2026-09-12	"C2, ""exact clone"" per scanner — logo-search start/running-flag code mirroring the black/scene-search dispatcher family. | target/reach: folds into the C2 helper above."
70b4c44d3b80552ecbc2a18f8ede0ff407257351	clone	deliberate	2026-09-12	"`onReadProjectFileAborted`'s ""if(logXxx()) qDebug() << ClassName::method called!"" + disconnect() vs `TTCutMainWindow::onCutFinished`'s identical-shaped opener — different classes/purposes, coincidental idiom match."
70dcb17c5776a25227b4c8d6ca9f889c6a971a13	tool	consolidate	2026-09-13	done 2026-09-13 run 4 batches A-E (lines rewritten, see git log ed6939fe..0400b9a0); was: QVector<float> TTLogoDetector::sobelEdge(const QImage& gray) const (data/ttlogodetector.cpp:236-264) touches no member state, only
71016f6367251354e3af901180fcb55977f89447	clone	deliberate	2026-09-04	both declare the same `TTVideoStream`-hook overrides (`expectedCodec`, `codecLabel`, `resetSPS`, `buildSPSFromStreamInfo`, `buildAccessUnits`, `accessUnitIsIDR`
7106656b02b135a1064761a93eb0260b7d731dd6	tool	documented	2026-09-12	same as above.
713de7585787d20d6e6b8ed50edfe62547e20124	convention	deliberate	2026-09-04	same legacy-TTCut naming era as ttavheader.h (adjacent original-codebase utility header); no map or spec calls for renaming.
7161d5b8457943841b9aca283e239723ee681d6a	tool	deliberate	2026-09-12	"`TTAVData::cutList()` (ttavdata.h:119) is shadowed by a parameter literally named `cutList` in 8 different cut-related functions (#176-#183) — a consistent, repo-wide internal naming convention for ""the cut list this ope"
71af22c7cf96cd3def6e88674817a1183fc3d76c	clone	deliberate	2026-09-12	tag if/else-if idiom, same family as #12.
71c344d20df3a2bdd93ef4906990a9546261ef89	clone	documented	2026-09-12	"`cutAudioTracks`'s internal `targetAcmods` computation vs `createH264PreviewClip`'s own inline copy — the preview path deliberately does not call `cutAudioTracks` (audio-cut-timing.md ""Option A""), and this acmod loop is "
71f055ed89ed6ac14db8e3ca9fd78aa13b52645b	clone	consolidate	2026-09-12	done 2026-09-13 run 3 batches A-H (lines rewritten, see git log 5924340b..8788b25f); was: `TTCutTask::cleanUp` has the identical disconnect-from-`TTVideoStream::statusReport` pattern as the three open-tasks in #11. | tar
721e5e93b163d52f781a76545a3b78a85ab99f37	tool	consolidate	2026-09-12	done 2026-09-13 run 3 batches A-H (lines rewritten, see git log 5924340b..8788b25f); was: same function/pattern as above. | target/reach: same as above.
722ba981b56b1a843b5c87cfd5e3735cae2fe94d	tool	consolidate	2026-09-03	`segment_start_frame` (ttcut-ac3fix.c:82) is only ever zero-initialized via `ac3fix_stats_t stats = {0}` (:202) — no assignment or read anywhere else in the fil
72419e1a23aa6a92d2b8b8c1260592ffc88eeab3	clone	deliberate	2026-09-03	"ttcut-demux:1940-1944 comment states explicitly: ""The Rev-2 gap section further below recomputes the same value into the global FRAME_RATE_DEC from the same (by"
72a1cdbec2ca33dc1ebb89d35d7f92a088887150	tool	consolidate	2026-09-12	done 2026-09-13 run 3 batches A-H (lines rewritten, see git log 5924340b..8788b25f); was: gui/ttcutsettingsencoder.cpp:156-177 (`setTabData`), `s` is only used through `TTSettings` getters. | target: `const TTSettings* s
735879caa792ebd9c06698636800cfed3ac3b670	clone	consolidate	2026-09-12	done 2026-09-13 run 3 batches A-H (lines rewritten, see git log 5924340b..8788b25f); was: `bool isH264H265 = (streamType==h264_video || streamType==h265_video)` derived from the first stream's codec, duplicated verbatim 
73825ddb7d3555ffd21e80d30427011b3c4863a6	clone	deliberate	2026-09-04	"`generate_hevc4k_cra` closing brace (259-260) + ""H.264 variants"" section header (263) + `generate_h264_1080p_progressive()` opening (264-267) vs `generate_h264_"
73908b302fdfaa59ba6352773877a522df4bddec	convention	documented	2026-09-03	docs/conventions.md: older comment forms remain in place; convention findings are not rebuilt
73d79abae5ac90d834c6a334d96b37bed7ea0320	clone	deliberate	2026-09-03	"acm-cut.sh:56 `n=$(ffprobe -v error -select_streams a -show_entries stream=index -of csv=p=0 ""$OUT"" 2>/dev/null | wc -l)`; ttcut-demux:2588 `sub_duration=$(ffpr"
73ef552efd6f8822beeb7b7b8d36a1e5ed7e6309	clone	deliberate	2026-09-13	ttcurrentframe.cpp:760-761 progress → QProgressDialog::setValue and canceled → onUserAbort; ttcutmainwindow.cpp:1135,1144-1147 deleteLater wiring + pool start; unrelated setups | ## Part 2
745f6d37e79b7df419b01e8e1b9d4738edc5ad6c	clone	deliberate	2026-09-13	same block, overlapping clone window; same idiom.
74bfc95f6816ff217b3a078cd95c7f2f4584e9bd	convention	deliberate	2026-09-04	`ITTCalibrationStore` (ttcalibrationstore.h:20) is a pure-virtual interface using the project's `I`-prefix interface convention; `TTMemoryCalibrationStore`/`TTS
74c84881ebc0d35c2b7b06ae380934eafac965e6	tool	consolidate	2026-09-12	done 2026-09-13 run 3 batches A-H (lines rewritten, see git log 5924340b..8788b25f); was: same function; only compared via `chosen == actRepair || chosen == actEditRepair`. | target: `const QAction* actEditRepair = nullp
7524c5c127c0db45c1be6a081a7efaf04472d48f	class-size	consolidate	2026-09-03	headless modes split off in batch C (2681 lines left, 81 methods); further split by responsibility is a separate project
7543616c66e1f71d9dfc98a57a3b7e5303dd6b73	clone	consolidate	2026-09-12	done 2026-09-13 run 3 batches A-H (lines rewritten, see git log 5924340b..8788b25f); was: matches Part 2 finding B2/A4 — the `dynamic_cast<TTMpeg2VideoStream*>(videoStream)` + `extraIndices()` fetch preceding the two div
7549b4ad82d4b492d4f35505e755212e9538a298	clone	deliberate	2026-09-12	`onH26xCutFinished`/`doH264Cut` dispatch vs `onAudioOnlyCutFinished`/`doAudioOnlyCut` dispatch at 1924/2539 — per-output-type task dispatch, mirrors documented TTH26xCutTask/TTAudioOnlyCutTask split (audio-cut-timing.md)
759e1a5c32a832d5970c44247c00150584452bb4	tool	consolidate	2026-09-12	evidence/target/reach: same as #150.
75aff409cffa8ce59a727daa67a5e05e4f50f8df	tool	consolidate	2026-09-12	done 2026-09-13 run 3 batches A-H (lines rewritten, see git log 5924340b..8788b25f); was: evidence/target/reach: mechanical, 1 line.
75c4ab561a2b221a6edc2b9bafae422c6be0761f	clone	consolidate	2026-09-03	extern/ttessmartcut.cpp:1811-1817 (in `readPocLsbFromAU`), :1881-1889 (in the poc_lsb-patch write path), :2090-2096 (in `readFrameNumFromAU`), :2160-2168 (in th
75fa0f316258ca0eb4e5e7599c300ac9a72f9ca3	clone	consolidate	2026-09-03	"the identical 4-line `ffmpeg -y -hide_banner -loglevel warning -stats \ $(build_tux_timeline_args…) \ -filter_complex ""$TUX_FILTERGRAPH"" \ -map ""[outv]""` block "
760af0135997e9a84745e1c4c1d4099a4ab69f9a	tool	consolidate	2026-09-12	gui/ttcutmainwindow.cpp:1992-2000 (`Init`) and :2019-2028 (`Start`) duplicate the progress-bar creation + cancel wiring; this is docs/code-map/INDEX.md's own project-wide redundancy entry naming `ensureProgressBar()` as 
761d9bc8bf5d214c9248a53f1f3398d90e883018	clone	deliberate	2026-09-03	gate_audiofix.sh:255-257 parses tool output via `grep -oP '^...=\K...' || true` (TF/DF/CB/CODEC); ttcut-demux:1970-1980 same `grep -oP '^...=\K...' || true` idi
761dd714a91067ac0e641cfa254dbec17f076822	clone	consolidate	2026-09-12	part of the isFrameBlackAt/buildHistogramAt MPEG-2-decode-to-grayscale duplication — see Part 2.
761e4d93972d878edececab54f7fa37c4ac38b2b	tool	consolidate	2026-09-12	evidence/target/reach: same as #161.
76313dead8ecd7fb797654e8510460ca91e9182b	tool	consolidate	2026-09-12	gui/ttcutsettingsencoder.cpp:37-39, `void TTCutSettingsEncoder::setTitle(const QString&) {}` has an empty body and no `this`-use; `setTitle` is declared identically (but independently, non-virtually) on TTCurrentFrame/TT
7643d4fb1917da0399250b0e8ddc96c295021275	tool	deliberate	2026-09-12	QString/value bundle getters return by value like the project majority; implicitly shared (run-2 precedent lastError())
7665d4e66803d102f9f3d4fb3f3613879b641d99	tool	deliberate	2026-09-03	_map is a nameref onto declare -A maps; explicit $idx subscript kept
769a8c4317d0170394ff5bc94725ce970e0d3c75	tool	deliberate	2026-09-03	"ttcut-demux:53-54 `pids=$(jobs -p ...); [ -n ""$pids"" ] && kill $pids` — `$pids` is intentionally unquoted to word-split a whitespace-separated PID list into mul"
76ceb3fa642ca2fef2443b7ddffc8c1397fc55e2	clone	consolidate	2026-09-12	done 2026-09-13 run 3 batches A-H (lines rewritten, see git log 5924340b..8788b25f); was: same border-box computation as TTFFmpegWrapper::buildHistogram — see Part 2.
777fb4204500d2b38d92639cadca85b8b74f23be	clone	documented	2026-09-13	ttcutlist.h:68-85 vs ttmarkerlist.h:51-68 private tail + banner + class boilerplate; run-2 ruling
780da94530058de47ccdebd6b36aab77b11716f7	tool	deliberate	2026-09-12	same as #187.
787a8d0eae439d8fd94829a71a6e30c2ec149f6b	tool	consolidate	2026-09-12	done 2026-09-13 run 3 batches A-H (lines rewritten, see git log 5924340b..8788b25f); was: evidence/target/reach: same as #147 (dead code, remove).
78f9b3f1bac5cb585f72a27b1109f602c0f9f89f	convention	consolidate	2026-09-04	genuine within-class mix — `mAVData` (m-prefixed, ttcuttreeview.h:96) sits alongside 11 unprefixed private members (editItemIndex, allowSelectionChanged, curren
794b81cabc8dc56ab8f32d1ab15c3c72b1b8db04	clone	consolidate	2026-09-03	"same generator-skeleton family, in the ""_duplicate"" fixtures (generate_hevc4k_cra_duplicate 383-402, generate_h264_1080p_progressive_duplicate 405-424, generate"
7960d11bd6e945febc7f6baf4992d103478bfaa3	clone	documented	2026-09-12	"stale-output deletion before cut, for audio (`cutAudioTracks`) vs subtitle (`cutSubtitleTracks`) — part of the documented ""Untertitel-Zwilling"" design (audio-cut-timing.md, same citation as #54); note the subtitle side u"
79659906150a31ad320700e7d719ee235bc5ba1e	clone	deliberate	2026-09-13	TTSettings getter/setter/early-out idiom, re-fingerprinted after batch A removed audioOnlyFormat(); settings-state.md documents the 76 plain App-Default fields, run-5 classifier ruled the class deliberate
7984b1b7ad20c15e3fa073f88f05011fb261d437	clone	deliberate	2026-09-12	matches playback.md's A8 finding directly — gui/ttaudiorepairdialog.cpp:404-410 is inside `ensurePlayer()` (own TTMpvWrapper instance, own `playerError` connect), documented as intentionally per-client.
79ef3d8dbc0135fc4027580b554df90d5e555720	clone	consolidate	2026-09-03	gui/ttaudiotreeview.cpp:225-288 vs gui/ttsubtitletreeview.cpp:218-280 — wider window covering the tail of onAppendItem plus createActions(); same underlying aud
7a28a605d6b3e687f5c013dbc576197788a28cd6	tool	deliberate	2026-09-12	`TTCutProjectData::filePath()` (ttcutprojectdata.h:60) is shadowed by a parameter named `filePath` in 3 write/parse functions — same consistent-internal-naming reasoning as #176, no functional risk.
7a8f86a74369b576fbaae704a837caae88f4cf4a	tool	consolidate	2026-09-03	ttmpeg2window2.cpp:452 `catch (TTMpeg2DecoderException ex)` — same idiom as the 319 finding, second independent site in moveToVideoFrame.
7afc790199b57cdea27678115bd4079299357952	clone	deliberate	2026-09-04	"test_cut_outcome.cpp:101-102 explicitly comments ""Open the streams exactly like TTOpenVideoTask / TTOpenAudioTask do - same sequence as tools/diag/test_h26xcut_"
7b2229ead9648ce2e6e7b0e2ae8ae1ac72aa7919	convention	documented	2026-09-12	"docs/conventions.md:13-19 — ""cpp/indent: `2` … The H.26x/Smart-Cut block (`avstream/tth26*`, `ttnaluparser`, `extern/ttessmartcut`, `ttffmpegwrapper`, `tthevcseam`, `ttmkvmergeprovider`, the settings pages and the C tool"
7b510c2d16b8e4a9b3116f034b0ebbba3d466c0b	clone	deliberate	2026-09-13	onOpenAudioFinished/onOpenSubtitleFinished after batch C: two applyPending() calls each with its own map and TTAVItem setter - the consolidated form; a further merge would need a template over the audio/subtitle accessor
7bae9e91e48a4f1fdc65c1836caca81b3e0bc10e	convention	deliberate	2026-09-04	file logs through log-> throughout; internally consistent (conventions.md, 2026-09-04)
7bc8b3396562a0d0d122d56e19db7d2e59b3a5b2	tool	deliberate	2026-09-03	same reasoning as line 394 above (`$(build_duplicate_timeline_args 1920 1080 50)`).
7bdbd1cf3887a05282b46910c8cdceaa2ef1a186	clone	consolidate	2026-09-03	another window on the same splice-gap duplication (334-337, 398-401) as the x8 class.
7be26cccc37d62a401257f109742c8652e6093fa	convention	deliberate	2026-09-03	make_test_video.sh:41 `set -euo pipefail`, used consistently through the whole 657-line file. Same reasoning as make_damage_fixtures.sh above — a deliberate, lo
7c0e2ec05f6d637c048a08a8685954110d93c8ce	clone	consolidate	2026-09-12	same finding as the x3 clone class above (row 7); same target (`runDetectionPhase` helper).
7c19cf386a0435ae62c5dd1531d8928091a31171	clone	deliberate	2026-09-03	constructor/destructor/streamType()/streamLengthTime() skeleton is the documented sibling-class pattern (CLAUDE.md:78-80 TTAudioStream ├─ TTMpegAudioStream / TT
7c2df30f143578bb11092fc5894dcb76fc1c00f1	clone	consolidate	2026-09-12	"ttaudioanomalyscantask.cpp:280-290 (AVFormatContext/AVCodecContext/AVPacket/AVFrame + `qScopeGuard releaseAll`) is explicitly commented ""Same pattern as TTStreamPointAudioWorker::detectSilencePoints()"" (ttaudioanomalysca"
7c4d0fc5f131a77b3165be255613fb2982417d3a	clone	consolidate	2026-09-12	"C2 (logo-search) sibling of the black/scene-search ""running flag set/found dispatch"" fragment — part of the same still-open caller-side triplication. | target/reach: folds into the C2 helper above; reach extends to the l"
7c531a2d84d78b460c650494ab7f7f3113036844	clone	documented	2026-09-13	mainwindow.cpp:2314-2318 vs :2347-2351, one-line calls into finishDirectedSearch() (026aa9fb).
7c91d7afb7a1bee35330ab27724edb2bdcfb7ab4	clone	consolidate	2026-09-04	done 2026-09-04 batch D: probeEncoderPocParams (extern/ttessmartcut.cpp:3126-3219, H.264) and probeHevcEncoderSeamSps (:3243-3303, H.265) both build a throwaway avcodec_alloc_context3, 
7c95fb450b1553942389e1f39d6944e0e58443d0	clone	deliberate	2026-09-12	C9, connect() sequencing (connectStreamPointSignals/connectVideoSliderSignals boundary).
7d1785fd5aab8fcfbe32b9891fb777534a0759a7	convention	deliberate	2026-09-04	adjacent legacy header in the same original-TTCut index/header-list family as ttavheader.h/ttheaderlist.h; consistent with that era's convention.
7d41655407bcf115385738d7a92510a849d2c811	tool	documented	2026-09-12	"playback.md's `SW → FP → MUX` edge enumerates exactly why this function is large: it collects ""temp path from `TTSettings::instance()->tempDirPath` + pid + counter, frame rate (stream, else `.info`; none → warning and no"
7dbd02df144d47ff18eb57c2b0d8b3a1b9f95769	convention	deliberate	2026-09-03	common/ttthreadtask.h:28 uses `//!` for the leading class doc comment, and `/**<...*/` trailing comments on members/signals (lines 64-66, 71-88) — two establish
7dd1a08c246f465d77688eedb7ec44d55c10ff61	clone	consolidate	2026-09-04	"done 2026-09-04 batch D: `TTSequenceHeader::readHeader` (ttmpeg2videoheader.cpp:69-114) and `TTPicturesHeader::readHeader` (344-373ish) both run an identical ""search for next start code"
7e3dcbc13b9db9015dfb01cc494abfee5c2aff99	clone	consolidate	2026-09-13	done 2026-09-13 batch C: TTCutList::isH26xCut() for onDoCut and TTCutPreviewTask (613a132b)
7e7029b16cc5b6a553734f62f5cb34809686a510	clone	consolidate	2026-09-12	done 2026-09-13 batch B: further .info site (rate + avOffset), TTESInfo::timingForVideo (9191a46a)
7e79d3ac2a9ccacdb8008532daec226d8db66784	clone	consolidate	2026-09-12	done 2026-09-13 run 3 batches A-H (lines rewritten, see git log 5924340b..8788b25f); was: both blocks copy `refInfo.{width,height,Y,U,V,size,chroma_size}` into `mpRefY/mpRefU/mpRefV` identically (MPEG-2 branch vs FFmpeg 
7ea2e618b354e95019029dc5f1d3daa7dd12caaa	clone	deliberate	2026-09-03	"gui/ttaudiotreeview.cpp:52-59 and gui/ttcutmainwindow.cpp:135-149 are both the ""theme icon with QStyle standardIcon fallback"" idiom (`X->setIcon(QIcon::fromThem"
7eb0e4a5a8679a5e62ce966ea85f07947e9e82de	convention	documented	2026-09-03	conventions-draft.md lists `tools/ttcut-pts-analyze/ttcut-pts-analyze.c = 4` alongside ~91 other outlier files (project majority is 2-space, 70% of 308 files) i
7ebfaaa18578936a010b33d82ba37673e5107ff7	tool	consolidate	2026-09-12	done 2026-09-13 run 3 batches A-H (lines rewritten, see git log 5924340b..8788b25f); was: `bool decodeOK = true;` (line 265) is only read/written inside the `if (useFFmpeg) { ... }` branch (267-272); the `else` branch an
7f13b12b543abc905bb57d8b6343060e31ab5143	clone	consolidate	2026-09-04	done 2026-09-04 batch D: `TTPocCollector::packetIsIDR` (207-227) and `TTLeadingPicClassifier::classifyPacket` (332-360) both walk Annex-B start codes with near-identical loops; boundary
7f201febb0947a98d2e499b4996d46a2694881af	method-size	consolidate	2026-09-04	sets up 4 independent analysis workers (aspect-header worker, pillarbox TTAspectScanTask, audio-anomaly scan, audio silence/format worker), each ~20-30 lines of
7f544d145ecf005f874df67c53db8dd5bfcf3ed0	clone	deliberate	2026-09-12	coincidental shape match (repair-range initialization guard vs context-menu action-visibility guard); different domains, no shared target.
7f6504ac5d3668927b1068848a70d0bd02bdee2f	clone	deliberate	2026-09-12	connect-chain idiom, same as #1.
7f79b7471fb3ec92da904b74908825c02a80dabe	clone	deliberate	2026-09-12	same per-type Qt-signal family as #5.
7f87ea97492c98f6844accabe0e2a4c33a29cd73	clone	deliberate	2026-09-12	C9, connect-sequence idiom (TTCurrentFrame ctor's button connects vs connectAVDataSignals).
7fbb5d42a717b83b40c80003d131247b89f99e6c	tool	consolidate	2026-09-12	done 2026-09-13 run 3 batches A-H (lines rewritten, see git log 5924340b..8788b25f); was: gui/ttcutsettingsencoderdefaults.cpp:87-100 (`setTabData`), `s` is only used through getters. | target: `const TTSettings* s = ...
7fe596590e2911e82885b13fa9f303016ad9a841	convention	deliberate	2026-09-03	same legacy banner style as ttaudiotreeview.cpp, 25/25 blocks, 0 `//!`. Locally consistent.
80177ca78dba1cef122d0458ccc4a93b4224747c	tool	consolidate	2026-09-03	ttcut-ac3fix.c:465-556 mixes a hand-rolled long-option parser (:478-514), argument validation (:517-540), and dispatch (:556) in one function — three separable 
80195676c6dcd1aa2498aeead622724b98ecddf0	tool	consolidate	2026-09-12	evidence/target/reach: same finding as #137.
8021fcc6fd076622766abc5f4e9c8234450827f4	clone	deliberate	2026-09-04	same idiom class (closing `-x265/x264-params` line + next `generate_*` header/opening); subset of the same wrapper-function boilerplate as the 334-339 and 252-2
803070954dfb892ec3b62f1cadb8bd884f0fa3b1	clone	consolidate	2026-09-12	"""show up to 10 items, then '... N more'"" trailer for the regions/clusters warning message — feeds the same two warning dialogs as #31. | target/reach: folds into #31's `showImportAsStreamPointsWarning` helper."
809f059d47b1a6096af8786915906442219df78d	clone	deliberate	2026-09-12	`onAudioLanguageChanged`/`onAudioDelayChanged` vs `onSubtitleLanguageChanged`/`onSubtitleDelayChanged` — per-type TTAudioItem/TTSubtitleItem mutators, consistent with the stream-hierarchy design.
80a604073e9ef5c8eb132ab5355e7d587fc50413	clone	consolidate	2026-09-12	"done 2026-09-13 run 3 batches A-H (lines rewritten, see git log 5924340b..8788b25f); was: "".info fallback frame rate"" block repeated verbatim in three places: `TTFrameIndexer::assignPtsFromFrameRate` (ttframeindexer.cpp:"
80a6719c0fba5d0662c73d5cc6848af524612891	clone	deliberate	2026-09-12	C9. gui/ttaudiorepairdialog.cpp:304-306 is the `QDialogButtonBox` accepted/rejected connect pair; gui/ttcutmainwindow.cpp:1734-1744 is the `readProjectFileFinished`/`readProjectFileAborted` connect pair (R1 fix, confirme
80aa786b5773280433743748fb4cc58581377fbf	clone	consolidate	2026-09-05	done 2026-09-05 batch F (ttcut-demux helpers, e0a2d4d4): same fraction-parse idiom as row 4 (`_FD_NUM`/`_FD_DEN` at :2028-2030 vs `FRAME_RATE_NUM_LOCAL`/`FRAME_RATE_DEN_LOCAL` at :2926-2928).
80bf9aed59cd4679c662c04e6ae8a9e1585982c9	convention	deliberate	2026-09-04	file logs through log-> throughout; internally consistent (conventions.md, 2026-09-04)
80c05845e0b5377ef5eaba9c99453f4ee84fa3b1	clone	consolidate	2026-09-12	the `if (TTSettings::instance()->logCutPipeline()) qDebug() << ...; onStatusReport(Step, ...);` header preceding each detection phase inside the same `operation()`; folds into the same `runDetectionPhase` target as row 7
80e0bd457dc77c95c36e64186b4cfa10f9a845bf	tool	consolidate	2026-09-12	done 2026-09-13 run 3 batches A-H (lines rewritten, see git log 5924340b..8788b25f); was: gui/ttcurrentframe.cpp:1054-1059, `dynamic_cast<TTH26xVideoStream*>(videoStream)` result is only used via `h26x->displayOrderMap()
80e174df639d0513adfc0c9445c3c82b3eb00425	tool	consolidate	2026-09-12	"done 2026-09-13 run 3 batches A-H (lines rewritten, see git log 5924340b..8788b25f); was: `grep -rn ""audioOnlyBitrateKbps""` across the tree finds only the declaration at ttsettings.h:326 and the field's own load()/save()"
8109503a51abf842fb127c6c76ac0eb19d4ba746	clone	deliberate	2026-09-12	data/ttavdata.cpp:94-101, gui/ttcutavcutdlg.cpp:75-90, gui/ttcutpreview.cpp:88-93 are three unrelated `connect(a,&X::sig,this,&Y::slot)` chains; only the Qt connect-call shape matches.
8109ce257aa79cc078031424f00af78cae2ba05b	tool	consolidate	2026-09-12	done 2026-09-13 run 3 batches A-H (lines rewritten, see git log 5924340b..8788b25f); was: evidence/target/reach: mechanical, 1 line.
816e492aa0de5bb1938c6c168b090463b92aaa6d	convention	deliberate	2026-09-04	file logs through log-> throughout; internally consistent (conventions.md, 2026-09-04)
828b604393a6df329991015a10c9477b72c55548	tool	consolidate	2026-09-12	done 2026-09-13 run 3 batches A-H (lines rewritten, see git log 5924340b..8788b25f); was: confirmed via repo-wide grep — no call site anywhere outside its own declaration. | target: remove (dead code); reach: 1 line.
82d219db29565c62300353f458d7fcb583181ffd	tool	consolidate	2026-09-12	done 2026-09-13 run 3 batches A-H (lines rewritten, see git log 5924340b..8788b25f); was: gui/ttcutsettingsmuxer.cpp:58-63, `QStandardItemModel* m = qobject_cast<...>(cb->model());` then `m->item(1)->setEnabled(false)` —
82f78cfea60520d444f84b291b90162f7405ba15	tool	deliberate	2026-09-12	"false positive — `isCancelled()` (extern/ttffmpegwrapper.h:106) is called 6 times in the same translation unit: extern/ttffmpegwrapper.cpp:546, 572, 594, 689, 902, 1016 (`grep -n ""isCancelled()"" extern/ttffmpegwrapper.cp"
838a2a4521596aaf0ab95c79169043c640bc7bbd	method-size	documented	2026-09-04	"smart-cut.md: ""analyzeCutPoints — assumes: a keyframe exists within the segment... The endFrame search window is 32 display frames and the maxKeptAU search wind"
83c98b00f3d910492faac2db1552cb36911c3d45	tool	consolidate	2026-09-04	ttmpeg2window2.cpp:75-108 (MPEG-2 `aspectRatio()` branch) and :110-122 (FFmpeg SAR branch) are mutually exclusive on `mUseFFmpeg`, each self-contained with its 
83cd5ca870964ea8a2f48ce7ed852728d3e0a652	clone	deliberate	2026-09-12	C4, setTabData tail (mkv-chapters-style checkbox/spinbox enable pairing) — cross-page but generic getter/setter idiom, not verified as content-identical.
83eee784b6739f358db84baf72e25a4a6dbaa0d2	tool	deliberate	2026-09-03	same reasoning as line 191 above (`$(build_tux_timeline_args 1280 720 50)`).
840a7c8102887eb5ca7688f966af0c3d839da499	tool	consolidate	2026-09-03	"function body (580-~820) is explicitly documented in its own header comment as ""Three detection methods, applied in order"" (572-579) and internally divided by `"
8465f11eca18b0cbd7d3ee95bfa337b1e8c30591	clone	consolidate	2026-09-03	`ttNaluRemoveEpb` (avstream/ttnaluparser.cpp:478-494, file-static) and `removeEmulationPrevention` (extern/ttessmartcut.cpp:4072-4088, file-static) are byte-ide
84b218ee302f2e14b9edb46a34d7c3f0a4037009	clone	consolidate	2026-09-12	done 2026-09-13 run 3 batches A-H (lines rewritten, see git log 5924340b..8788b25f); was: C6, same themed-icon idiom (superset of the earlier row). | target/reach: same as C6 above.
84db05c0ff56ab6b24aef9048926ed6cbf8498aa	tool	consolidate	2026-09-12	"`TTCutPreviewTask::operation()` dispatches MPEG-2 vs H.26x preview generation in one body; detection-and-search.md records a successful precedent for exactly this shape of refactor (""three directed searches … consolidate"
84de7b318163d9870cec1c6e549704e0372f3d00	convention	consolidate	2026-09-12	file added whole in a single 2026-09-11 commit (`ccce4c6b`) alongside `ttplaybackmuxtask.h`, which already uses `//!` throughout (including elaborate design-rationale comments); the `.cpp`'s three `/**` blocks (lines 33/
84e9982bff4f742585dbb606a0c1cd3e4aa978f1	clone	consolidate	2026-09-05	done 2026-09-05 ttcut-demux rest pass: sixth $FRAME_RATE re-parse (audiofix block) reads FRAME_RATE_NUM/DEN
85b4e09375d6a9f202d6a91a15ac1b516c53ed0b	tool	deliberate	2026-09-12	"the loop returns a sentinel value (`batch[i]` or falls through to `newStatePos`), not a bool/iterator; the shape mirrors the documented Step-lambda contract in ttsearchtask.h (112-118: ""step(batch) evaluates one batch an"
85d5ad546a2c10b07e47b21c10b878d7f4acad0f	tool	consolidate	2026-09-03	ttmpeg2decoder.cpp:357 `TTSequenceHeader* seqHeader = videoHeaderList->sequenceHeaderAt(headerListIndex);` — only `seqHeader->headerOffset()` (:358) is read, ne
8616e6c7d2b6ec8618c2490fb744145029712a58	method-size	deliberate	2026-09-03	metric mislabels the enclosing function — it is `runCut(...)` (declared test_mpeg2cut_abort.cpp:196, closes at 573, ~377 lines), not a method on TTSettings; the
8667e71a4885b03090a4c03f1ac0459ade78046f	clone	deliberate	2026-09-12	`setPendingSubtitleLanguage`/`setPendingAudioDelay`/`setPendingAudioRepairs`/`setPendingSubtitleDelay` — four thin, explicitly-named one-line setters onto four distinct `QHash` members; consistent with the codebase's pre
867d8a67aa2861a47d9b0b70e61aa266cf9cb407	clone	deliberate	2026-09-12	small guard/dispatch fragment (encoder-codec-from-streamtype 3-way if/else, see Part 2 A1) paired against an unrelated headless guard clause; the real A1 duplication is covered separately in Part 2.
8693ae3d1e02accfed08014186d97687cdae893d	clone	consolidate	2026-09-05	"done 2026-09-05 batch E4 (TTTrackTreeView): createActions() bodies — literally identical 4-action sequence (Insert/Up/Delete/Down) between TTAudioTreeView and TTSubtitleTreeView (only ""audiofile""/""subtitl"
86e7ebd4f746450ca52b98c283b4a75f458f81fa	clone	consolidate	2026-09-12	done 2026-09-13 run 3 batches A-H (lines rewritten, see git log 5924340b..8788b25f); was: `TTAudioRepair::buildRepairTable` (extern/ttaudiorepair.cpp:114-134) and `TTAudioRepairDialog`'s preview builder (gui/ttaudiorepai
86f7e8bc0f417a24dfde8b3a4d927dcaf5b56701	convention	deliberate	2026-09-03	"file carries ""Originally TTCut (c) 2003-2010 B. Altendorf / TriTime"" attribution (ttavlist.cpp:6); its function-header comments are dominated by the original pl"
8750f3c13502204aae775802644a4cf909e2fb56	tool	consolidate	2026-09-12	function spans the setup (#74), `.info` fallback (#20 family), SmartCut init (#15/#25/#32), Option-A keep-list (#34/#45), and MKV mux (#43/#48) blocks identified above. | target: extract the already-identifiable named su
8753af23afa6b7026c03cda88e10aeec09be1333	clone	deliberate	2026-09-12	"C4, saveTabData tail (same as row ""35-43"" above, narrower window)."
87a4ed1dced69c9d098508394686b913aaef8c06	tool	consolidate	2026-09-12	done 2026-09-13 run 3 batches A-H (lines rewritten, see git log 5924340b..8788b25f); was: evidence/target/reach: mechanical, 1 line.
87c26bbe869f2c836f4510922ff7d4515beffa52	clone	deliberate	2026-09-12	agent named it clone x3 (data/ttcutpreviewtask.cpp:232-236); mapped by hand (rulings.md data-A)
87c3b880abef914d57d238742ce85abfa38bbff9	clone	deliberate	2026-09-13	TTSettings getter/setter/early-out idiom, re-fingerprinted after batch A removed audioOnlyFormat(); settings-state.md documents the 76 plain App-Default fields, run-5 classifier ruled the class deliberate
88af9d5000b06e73fc7a4375bad76eaa58cd094f	tool	deliberate	2026-09-12	gui/ttaudiorepairdialog.cpp:431-470+ is guard-clause-heavy input validation (missing file, invalid range) followed by a repaired-vs-original branch and a margin-window computation — part of the documented audio-anomaly-r
88cc17cfafb18eb4ddcb3cc5d11b924752bf0073	clone	deliberate	2026-09-12	ttsettings.cpp:193-202 (`setLogUI`/`setLogLibav`) vs :375-380 (`setAudioLanguagePreference`) — early-out setter idiom, unrelated fields.
898a0013c5808475be6b514b226df8e63668bf91	tool	consolidate	2026-09-12	audio-cut-timing.md documents the function's synchronous audio+subtitle-then-pool-start sequence; target: extract the documented phases into named helpers, preserving the documented ordering contract (audio/subtitle cut 
89b1be8c6def99742be377a790b3923a3f794866	method-size	consolidate	2026-09-04	decoder-selection/opening block (data/ttframesearchtask.cpp:199-238, FFmpeg vs MPEG-2 branch incl. frame-index adoption) is self-contained ahead of the do-while
89c7dc2bbdfd134a87a895b830221d619029db7b	tool	consolidate	2026-09-12	"audio-cut-timing.md documents this function's internal stage order explicitly (""Plan → `outPath` → Löschung → `beforeCut` → `computeTargetAcmods` → `TTAudioCutter::cut` → `onCut`"") — the size here is the natural result o"
89dd9f111cdeeada8c3c50681b4321e53318ecd8	clone	deliberate	2026-09-12	ttthreadtaskpool.cpp:135-141 is `unwireTask()`'s disconnect() chain; gui/ttcutmainwindow.cpp:280-290/344-351 are unrelated navigation/stream-point connect chains (verified: `connectNavigationSignals`/`connectStreamPointS
8a07b9a68fb8a05d626d32891afa835ae8e64554	tool	deliberate	2026-09-03	$(build_tux_timeline_args ...) is an intentionally word-split argument list
8a8b62373dae397c90d847c18a05a18e31cbbf15	tool	consolidate	2026-09-03	`TTVideoIndex(){};` (avstream/ttavheader.h:138) leaves all three members (`display_order`, `header_list_index`, `picture_coding_type`, avstream/ttavheader.h:148
8a8e1a8ab6ece9decf8f381621d508ee4f879c95	convention	deliberate	2026-09-03	"""Originally TTCut (c) 2003-2010"" (line 6); 37 `/*!` headers vs 10 plain `/* ` — dominant, internally mostly-consistent Doxygen-lite style typical of the TTCut-l"
8acc1286c2bbb14ddc7e07cbba2064ce7719cadb	clone	deliberate	2026-09-12	`deserializeSettings`'s if/else-if chain continuation — same tag-dispatch idiom as #12/#53.
8adc6d31a03bd0762f02cfd7a6447ca64366bfc8	tool	consolidate	2026-09-12	done 2026-09-13 run 3 batches A-H (lines rewritten, see git log 5924340b..8788b25f); was: ttsettings.cpp:32 `mTempDirPath = QDir::tempPath();` inside the constructor body (ttsettings.cpp:28-39) rather than the member-ini
8baa23a9fe4788e9d3fb0488ecdb79215fb59ed2	clone	consolidate	2026-09-12	done 2026-09-13 run 3 batches A-H (lines rewritten, see git log 5924340b..8788b25f); was: `TTAVData::countExtraFramesBefore`'s binary search reimplemented locally in `gui/ttcurrentframe.cpp` (`extras`/`idx` locals) inste
8bba68f68f8d584dd83a4ab211865815225be927	clone	consolidate	2026-09-12	"done 2026-09-13 run 3 batches A-H (lines rewritten, see git log 5924340b..8788b25f); was: C11. gui/ttcutmainwindow.cpp:2483-2501 and :2547-2566 are byte-identical (""exact clone"" per scanner) 19-line ""create analysis TTFF"
8c0547b6d08675baa4aa7750d9d556c458d88499	clone	deliberate	2026-09-12	"C9/C7, same as the ""403-420"" row above."
8c1d9532df073e6733b8faee968343d146463b1c	clone	consolidate	2026-09-03	make_test_video.sh:219-224 (post-encode `ffmpeg -v debug … trace_headers … grep -qE 'frame_mbs_only_flag.*0|MbInterlace|field_pic_flag.*1'` interlace check) vs 
8c43d955be6574fa06ee5beb9196f7e84f4a11bb	clone	deliberate	2026-09-04	`readNalData(index)` (1077-1086, operates on `mNalUnits`/`dataOffset`/`dataSize`) and `readAccessUnitData(index)` (1144-1153, operates on `mAccessUnits`/`startO
8c6a9b7d12e17dadd2b84fbefc660d75a2134baa	convention	deliberate	2026-09-04	members `str_description`, `frame_time`, `bit_rate`, `sample_rate` (ttavheader.h:78-104) use the original TTCut snake_case/no-prefix convention throughout the f
8ce51a364a7f7d0e64fa01f56426082badbe7475	clone	consolidate	2026-09-03	same family (duplicate-fixture block), overlapping window of clone x5 (386-397).
8d1ba1b44ed9ee0bc04dacd62230f076c7ee382e	tool	consolidate	2026-09-12	done 2026-09-13 run 3 batches A-H (lines rewritten, see git log 5924340b..8788b25f); was: evidence/target/reach: same as #205.
8d55424991b76484b3aa741be84acb4566919155	method-size	deliberate	2026-09-03	"245-line method (also flagged by clang-tidy, tool row below — same finding). progress-reporting.md: ""the mplex step of an MPG-output cut is neither a pool task "
8d5d35923f7faca6a7f97bf249fc20046cae39cb	clone	deliberate	2026-09-12	"both sides are the generic ""walk NAL start codes via `TTNaluParser::findStartCodePayload`, break on a type predicate"" loop (`parseH264FieldInfo`, ttframeindexer.cpp:244-248, predicate `type==1||5`, vs `firstSliceRbsp`, e"
8daa13b0a131a0febaf79435149cddc24cb739f4	convention	deliberate	2026-09-03	file consistently uses `/*!` Doxygen-style blocks (10/10 occurrences, 0 legacy-banner `/* /`). Locally consistent, just a different (also legacy-era) convention
8dd79cae1661a8b06e1ec53c31a5d395b2d01770	tool	consolidate	2026-09-12	one large if/else-if chain across all three settings classes (App-Defaults/Working-Set/Identity, per settings-state.md); target: split per value-class (matches the map's own three-class model) or at minimum replace the c
8e05078b2faab03fdacf124cbdc05218d8901d87	clone	consolidate	2026-09-03	"extern/ttessmartcut.cpp:1780-1823 (`readPocLsbFromAU`) and :2059-2101 (`readFrameNumFromAU`) share an identical ~20-line ""find first slice NAL (type 1/5), strip"
8e8145ef98efa1600f2dfa08c9d84f010383b947	tool	consolidate	2026-09-12	done 2026-09-13 run 3 batches A-H (lines rewritten, see git log 5924340b..8788b25f); was: `(TTAudioStream*) mpAudioType->createAudioStream()`; target: `static_cast<TTAudioStream*>(...)`; reach: 1 line.
8ea2c33108a0553733fe0e8bdf61f671ce1e003c	clone	deliberate	2026-09-04	same-file scenario-block self-clone (see row 4).
8eb7e09b14f1b7e851d09539e38b11f6830dfaba	tool	consolidate	2026-09-12	same cause as the complexity finding above — the non-sequential branch (631-700) duplicates decodeFrameInternal's seek/guard/skip logic; the sequential branch (709-757) duplicates isFrameBlack/buildHistogram's read/EOF-d
8eec853331f3b95c08b92e6397b2fb6274e789dc	tool	consolidate	2026-09-12	"part of its complexity is the inlined 19-line analysis-wrapper block duplicated verbatim in `onLogoROISelected` (row ""clone x2 (2485-2504)""/C11 above); extracting `createAnalysisWrapper()` removes that branch-heavy inlin"
8f7722ce6581b856922592456f7d4aa012558dc2	convention	deliberate	2026-09-03	tabs expanded in batch C; whole file is consistent four-space
8f962b2153f1121a9e810b427cf7610e1da77327	tool	consolidate	2026-09-05	done 2026-09-05 batch F (section/AU/grid helpers, e0a2d4d4): same PAT/PMT Step-1/Step-2 structure as the clone finding above (lines 169-260)
90d1e90c43485a8411ec7333a0d5e84ac8e75702	convention	deliberate	2026-09-04	file logs through log-> throughout; internally consistent (conventions.md, 2026-09-04)
90f12ee951178383bbf5185b740ec74e863265af	tool	consolidate	2026-09-12	done 2026-09-13 run 3 batches A-H (lines rewritten, see git log 5924340b..8788b25f); was: gui/ttcutmainwindow.cpp:2172-2179, a pure `switch(stage)` returning `tr(...)` strings — `tr()` is itself a per-class static/genera
9137d1b48afeba3c2ecb9ca6141503fb33337a73	tool	consolidate	2026-09-12	done 2026-09-13 run 3 batches A-H (lines rewritten, see git log 5924340b..8788b25f); was: same function/pattern as above. | target/reach: same as above.
915c4715dbe0e87de24287facd2f7f2f43236b6a	convention	deliberate	2026-09-03	"""Originally TTCut (c) 2003-2010"" (line 6) but heavily reworked (886 lines, Smart-Cut/H.26x preview logic added 2024-2026 per audio-cut-timing.md/smart-cut.md); "
91e3cb1096f45bb2bac3c594ef46ad3720cacf58	clone	deliberate	2026-09-04	"both ranges are consecutive ""if (m==v) return; m=v;"" early-out setter bodies (ttsettings.cpp:261-348), one instance of the ~50-site setter idiom the whole file "
924e4d641c3d03d4322e5a295d4d57a1d89df6b6	clone	consolidate	2026-09-03	same generator-skeleton family, overlapping window of clone x2 (318-354) / clone x5 (364-393).
925fd2eb08352d56755cc41ef772d4cde17a9a7b	clone	deliberate	2026-09-12	`parseAudioSection`/`parseSubtitleSection` open+pending-set trailer — per-type parser family, same as #6; already calls `doOpenAudioStream`/`doOpenSubtitleStream` directly as the map's A4 recommends.
92756d6bec48f64070f2744b1dd558a1771f7a14	convention	deliberate	2026-09-03	file uses the legacy TTCut decorative-banner comment style (`/* ////.../` `* createAction` `* ...` `*/`) consistently 25/25 comment blocks; 0 uses of the projec
9288564610d3e1abe07e8478d0c82614ce2650e6	clone	consolidate	2026-09-12	done 2026-09-13 run 3 batches A-H (lines rewritten, see git log 5924340b..8788b25f); was: subtitle-file-delete loop vs `TTMplexProvider`'s audio-file-delete loop — cross-module duplicate, same family as #64/#67. | target
928d9d53be58822dc9c328a88471c89698c670d0	clone	deliberate	2026-09-04	same cut-abort-harness family boilerplate (assertion/report block) as row 6/8/10.
92bfd62171a276b17173e94a39dc3e902645ba54	tool	consolidate	2026-09-12	done 2026-09-13 run 3 batches A-H (lines rewritten, see git log 5924340b..8788b25f); was: same finding; `void onUserAbort();` at ttframesearchtask.h:43 lacks `override` unlike ttsearchtask.h:156, ttstreampoint_audioworke
92f8671403b71a970abef57c2704dd507527d8dc	convention	deliberate	2026-09-04	comment style, no structure; older forms remain in place per conventions.md
92fab9252b372c643b58d9691122e3bf83cacd5d	clone	consolidate	2026-09-13	done 2026-09-13 batch B (ea7f763a): startDetectorTask<Task>() connects pointsDetected and calls startAnalysisTask, for all four detectors
93163ac7a4f4f612ba5f01e1030613dc16e70e34	clone	consolidate	2026-09-12	"done 2026-09-13 run 3 batches A-H (lines rewritten, see git log 5924340b..8788b25f); was: identical "".info frame-rate fallback"" block (`TTESInfo::findInfoFile` → `esInfo.isLoaded()` → `if (frameRate<=0 && esInfo.frameRat"
93633b696b3d1a6ee38b4e2e3a073fa7cb7769cf	convention	deliberate	2026-09-04	comment style, no structure; older forms remain in place per conventions.md
93998138eb51f092f07ba83ef4eeb6927b2a5d92	clone	consolidate	2026-09-05	done 2026-09-05 batch E4 (TTTrackTreeView): this is the createActions() method body (ttMakeAction()+connect() per action), near-verbatim across TTAudioTreeView/TTCutTreeView/TTSubtitleTreeView/TTVideoTree
93b10c8b154a0cd1275ae439f747037fbf0d8c58	convention	deliberate	2026-09-03	file consistently uses `/*!` (32 occurrences) with only 1 stray legacy banner line; effectively locally consistent.
93f206dc91118b78602197dd0880e43356e09b42	clone	deliberate	2026-09-12	audio-track vs subtitle-track `outPath`/`onCut` lambda pairs inside `onDoCut` — per-type callers of the documented `cutAudioTracks`/`cutSubtitleTracks` twin (audio-cut-timing.md), each using the type-specific `audioStrea
9437bd72d707c4d789a45d2f744cc4be81bf6c63	clone	deliberate	2026-09-12	gui/ttcutmainwindow.cpp:1763-1777 (openProjectFile's two `connect()` calls for the R1 fix, confirmed) vs a settings-page ctor — coincidental connect-shape match (C9).
9439778881f20b4483f7bdd857aaa25c90e50916	convention	deliberate	2026-09-03	"avstream/ttfilebuffer.cpp:6 carries the ""Originally TTCut"" marker; legacy-file convention split as above."
94612d81b576a579f9ae2995f893f2836b40e22c	clone	deliberate	2026-09-12	both sides are a `if (vecA.size() == vecB.size()) { fill per-index } else { TTMessageLogger warningMsg(mismatch) }` defensive guard, but over different data (`droppedPerPacket` vs `entries`, ttdisplayordermap.cpp:316-324
949be0e737550a11b171374b37edbd2c1977fc99	tool	consolidate	2026-09-12	"done 2026-09-13 run 3 batches A-H (lines rewritten, see git log 5924340b..8788b25f); was: `grep -rn ""createD2V""` finds only ttsettings.h:79 (declaration) and the load()/save() round-trip (ttsettings.cpp:689, :941) — zero"
949c707e6e350b629e11f29a1bb486f64e82dbe4	clone	consolidate	2026-09-12	done 2026-09-13 run 3 batches A-H (lines rewritten, see git log 5924340b..8788b25f); was: `addTextElement` (member function, 443) vs a local lambda `addElement` inside `serializeSettings` (769) with an identical 3-line b
94a2a3f532a7d6e3c78c4492f9aa378247aa5acd	clone	deliberate	2026-09-04	"`actionX->setIcon(QIcon::fromTheme(...))` repeated per QAction, one line per distinct action — matches prior audit fingerprint 7ea2e618 (same ""theme icon with f"
94bc7416812f5756f08b320226e7b1984d2868b5	clone	deliberate	2026-09-04	overlapping window of row 18 (color-block boilerplate).
94d3e2fb0f420373b88cd21cad95aa8ab7b7e880	tool	consolidate	2026-09-12	done 2026-09-13 run 3 batches A-H (lines rewritten, see git log 5924340b..8788b25f); was: `TTStreamPointModel::points()` accessor exists at ttstreampointmodel.h:44; `addPoints(const QList<TTStreamPoint>& points)` paramet
94f3a07bc4f79c1d03f9c1f753b944f273b5eefe	clone	deliberate	2026-09-03	common/ttsettings.cpp:133-203 — setter bodies `if (mX == v) return; mX = v;`, same idiom as above (Logging group). Differing field name/type per site is the mea
95719a3a8211dd90a6959940005550eb794cae5c	tool	consolidate	2026-09-05	done 2026-09-05 batch F (process_one_frame, switch table, e0a2d4d4): lines 507-537, a flat 7-way `if/else-if` chain over argv flags, 5 of which are simple `strcmp→bool=true` (see clone finding above)
960b7e335cd7f17f0e965af2978bea07f9932527	tool	deliberate	2026-09-03	es_skip = 9 + pes_header_data_length (line 512), where pes_header_data_length = payload[8] is an **untrusted byte straight from the stream (0-255)** with no ant
96337fabc3e252a2d2942adf38d06e266d7ab3cb	clone	deliberate	2026-09-03	common/ttsettings.cpp:758-772 (Cut/Chapter-group `load()` reads) — same load-idiom as 630-641/587-606.
964774a4957d25fb2515d4cae4d5e925830ba477	clone	deliberate	2026-09-12	C4, same pattern (setTabData/saveTabData tail).
96a96a62a9af0c5e838c8f9fc9122c83652ee1d7	clone	deliberate	2026-09-12	C4, resetToDefaults tails (confirmed reading all three files).
96f5186e7a953913be700d5043982a1ec38cac5b	convention	deliberate	2026-09-03	same file family/legacy banner (ttmpeg2decoder.h:1-9), consistently `/* */` throughout, no `//!`. Same conventions-draft.md legacy pattern.
972330d4be6966cce8ef40fdc805e5fb93ba8959	clone	consolidate	2026-09-12	done 2026-09-13 run 3 batches A-H (lines rewritten, see git log 5924340b..8788b25f); was: `totalFrames += cutOutIndex-cutInIndex+1` summed over `cutList`, duplicated verbatim in two cut-start-banner sites — part of the #
972cc5980bc983d07a32cbfa02ca5b64ab13d310	clone	consolidate	2026-09-12	"done 2026-09-13 run 3 batches A-H (lines rewritten, see git log 5924340b..8788b25f); was: another window of the #20 "".info"" A/V-offset-assignment family (`mAvSyncOffsetMs` vs `avOffsetMs`). | target/reach: same as #20."
97524f15868bf67b3e4cfa1e009dbd8fd43f2835	method-size	consolidate	2026-09-03	parseSection still ~185 lines after parseEsRangeList (batch B); split by section kind is the next step
97dba50312fe465c1b29ceb9463ae6bb09d38443	tool	deliberate	2026-09-12	QString/value bundle getters return by value like the project majority; implicitly shared (run-2 precedent lastError())
97e7e0e038abc3563ca510afa38aa5deedb7ab19	class-size	documented	2026-09-03	the class's largest responsibility group (playback/temp-MKV lifecycle: `createTempMkvForPlayback`, `cleanupTempPlaybackFile`, `playbackSourceFingerprint`, `ensu
97fe0f1ee6c50f3c32d18775906ebc80e85e0cfe	convention	deliberate	2026-09-03	common/ttmessagelogger.cpp uses 4-space indentation uniformly throughout (e.g. lines 53-80, 194-236) with no tab/space mixing — internally consistent, just a di
980caf66b69a614f6d5b978ecce0b0c4845ff9f3	clone	deliberate	2026-09-04	same declaration family as the x4 clone above (row 3) — subset of the same four header classes' override boilerplate; same reasoning (pure-virtual override requ
984fa25def9f7aadacf61bf527221ed9fb7631e4	clone	deliberate	2026-09-12	C7/C9, treeview onAVDataChanged connect tail vs an unrelated settings-encoder ctor connect pair — coincidental shape match, not shared logic.
9869563da23155f44faebcb4a8daa6d7c6f1146c	clone	deliberate	2026-09-12	ttthreadtaskpool.cpp:129-133 (tail of `wireTask()`'s connects) vs gui/ttcutmainwindow.cpp:1777-1783 (`onOpenProjectFileFinished`/`onOpenProjectFileAborted`'s disconnect pair) — the clone window crosses a function boundar
98853b2d6fdc09574bc7224fd8f076c25498a6c3	tool	deliberate	2026-09-12	libavfilter graph construction (abuffer/abuffersink/silencedetect) is inherently verbose C-API code; comparable in shape/length to TTAudioAnomalyScanTask::collectFrameStats.
98eb1f3b954efa67a1b32d9b809877287db2fe54	tool	consolidate	2026-09-12	done 2026-09-13 run 3 batches A-H (lines rewritten, see git log 5924340b..8788b25f); was: evidence/target/reach: same pattern as #165.
996482bccce08d9a647a5b2ad66ec9d49e9f1526	file-size	deliberate	2026-09-03	"docs/code-map/ttcut-demux.md:4-5 states the script's ""installed copy at /usr/bin/ttcut-demux — the user copies it there after patches"", i.e. it is deployed as a"
9a035e53cedcd2f0567e4bfcfd3fe4385ea4caee	clone	deliberate	2026-09-12	same idiom window (connect/disconnect statement runs), 53 sites across common/data/gui (e.g. data/ttavdata.cpp:89-97, gui/ttcurrentframe.cpp:115-123) — each site wires different signal/slot pairs; shape-only match, per `
9a1cdd4993246fba265bf4cace31b377f6e4661f	tool	consolidate	2026-09-03	ttmpeg2window2.cpp:217-269 body touches only its `image`/`text` parameters and locals, no `this`/member access — mechanical, no design point.
9a3447119907e068f55d02f205488e9197de04df	clone	deliberate	2026-09-12	overlapping window of the previous class (wireTask signature + first three connects vs the same two gui/ttcutmainwindow.cpp connect blocks); idiom-only.
9a47d87b38ed64fbbda938038e4c0345e3291192	clone	deliberate	2026-09-12	`extern/ttaudiocutter.cpp:329-333` is `swr_alloc_set_opts2`/`swr_init` failure handling (`warningMsg` + `swr_free`/return); `extern/ttffmpegwrapper.cpp:141-145` is `avcodec_parameters_to_context` failure handling (`warni
9a82a8161572504045ab649c9d82b356fce4ff41	convention	deliberate	2026-09-03	"avstream/ttmpeg2videostream.cpp:6 carries the ""Originally TTCut"" marker; per mpeg2-cut.md this is the original-TTCut-descended MPEG-2 cutting engine, explicitly"
9b1e8fa05b96ef860ce0b615f64a16eb44d66db1	tool	consolidate	2026-09-03	ttmpeg2window2.cpp:319 `catch (TTMpeg2DecoderException ex)` — cppcheck is right, this slices/copies the exception; mechanical fix, no design point.
9b289369315bbdb6b1ec246f91c96bb08c61b667	clone	deliberate	2026-09-04	:2608-2609 (mid-point sample) and :2612-2613 (start-of-file fallback sample) are the two steps of the byte-probe retry the comment directly above (:2601-2606) d
9b645ff2ad1f2a000c544af2af3ec0d8a9dc4da2	method-size	deliberate	2026-09-04	sequential pipeline already delegating to setupVideoInput/addMediaInputs; no further clean target
9b68fd59dbab8276d224ea548eb524d291bce79e	clone	consolidate	2026-09-03	avstream/ttac3audiostream.cpp:210-221, avstream/ttmpegaudiostream.cpp:242-254, avstream/ttsrtsubtitlestream.cpp:215-226 are byte-identical createHeaderList() ta
9bdd048a30783a24cdc30759ea30f18213f493ca	clone	consolidate	2026-09-05	done 2026-09-05 batch F (ttcut-demux helpers, e0a2d4d4): SPAN_FIRST_PTS start_time probe (:2044-2046) and the VIDEO_DURATION format=duration fallback probe (:2075-2077) both use the same `-of default=noprint_wrappers=
9be43234598aea5d6974f81f52a8708e17f29e06	clone	deliberate	2026-09-03	extern/ttessmartcut.cpp:343-350, :492-498, :757-763; extern/ttffmpegwrapper.cpp:203-210 — the `if (TTSettings::instance()->logXxx()) qDebug() << ...;` gated-tra
9c0315892128bf07482da8bb3dd9a70bd8af40f9	clone	consolidate	2026-09-12	done 2026-09-13 run 3 batches A-H (lines rewritten, see git log 5924340b..8788b25f); was: ttthreadtask.cpp:201-211 (`catch(const TTAbortException&)`) and :213-241 (`catch(const TTException& e)`) share an identical tail: 
9c17699da15169d52f9eeb5bc4fce3f303978c96	clone	consolidate	2026-09-12	done 2026-09-13 run 3 batches A-H (lines rewritten, see git log 5924340b..8788b25f); was: third occurrence of the `cutFrames` build loop from #14. | target/reach: same as #14.
9c3c089e73f96e7f015cc57c282e2432caff6481	clone	deliberate	2026-09-03	common/ttsettings.cpp:595-606 — Navigation-group `load()` key reads, same idiom as 630-641 above.
9c93eb8d27818a1ffe7e9f63301495cda676ba44	tool	deliberate	2026-09-12	QString/value bundle getters return by value like the project majority; implicitly shared (run-2 precedent lastError())
9cedf5848c9d898eef3fb7137fbc29d81f679f51	clone	deliberate	2026-09-12	C4, `saveTabData`-style getter/setter sequences across three settings pages.
9d333e3ff7d54a40c73d349d49e0b6ba3de66a8c	clone	documented	2026-09-12	"`setDisplayOrderMap` injection with per-caller log tag (""Preview shared""/""Preview local""/""Regenerate"") — same Option-A-adjacent preview divergence as #15/#32, audio-cut-timing.md."
9d67d7326ae4b4b4daabc12d4ad7b9202e150b2f	tool	consolidate	2026-09-12	gui/ttcutpreview.cpp:813-816+, only uses its `fileIndex`/`tmpCutList`/`progress` parameters in the sampled body (no `mp*`/`m*` member access found). | target: `static void regenerateSmartCutPreviewClip(int fileIndex, TTC
9dc4eba7b3ac8f0764d1d058216f5c572290960f	clone	deliberate	2026-09-12	`int prev... = -1; ...; for (int i = 0; i < list->size() && !mIsAborted; ++i) { hdr = list->xxxAt(i); if (!hdr) continue;` — generic for-loop-over-header-list boilerplate; the two header list types (TTAudioHeaderList vs 
9debf421832a92a3087e5b086c6d4be001b41249	clone	documented	2026-09-13	ttcutsettingssearch.cpp:44-64 and ttcutsettingsstreampoints.cpp:69-123, setTabData()/saveTabData() pairs over distinct TTSettings fields — the per-category page contract settings-state.md documents.
9e28a6f8fe8dc689d5e6ea5655e58598381a931f	clone	deliberate	2026-09-12	connect-chain idiom, same as #1.
9e3568ca8ad37e2db8a56a7d074bd0c5e2f6e00e	clone	deliberate	2026-09-03	data/ttavdata.cpp:2077-2083, data/ttcutpreviewtask.cpp:402-408/758-764, gui/ttcurrentframe.cpp:1040-1046, gui/ttcutpreview.cpp:790-796/911-917 — same `connect(p
9f20dd85ae3df320819cb8d1642d7391d30581f3	tool	deliberate	2026-09-12	QString/value bundle getters return by value like the project majority; implicitly shared (run-2 precedent lastError())
9ff3f491f6c682914585b0572e2aaf0c61bfe531	tool	consolidate	2026-09-12	done 2026-09-13 run 3 batches A-H (lines rewritten, see git log 5924340b..8788b25f); was: evidence/target/reach: same as #153.
9ff62999c0b6591ac6ad7b6cf20a4b26ce1f9d7e	clone	deliberate	2026-09-13	connect() list of the navigation constructor, re-fingerprinted after batch D removed the search connects (was clone x17/x15 ttcutframenavigation.cpp:139-150, deliberate: one connect per button-slot pair, pointer-style wi
a02b28925988fa7d40efea7540cc451a3a3c538a	clone	consolidate	2026-09-13	done 2026-09-14 (3c888bf1): parseSectionHeader() reads Order + the resolveProjectPath'd Name for all three sections and takes the section name as a parameter, so the log messages read as before; gate test_project_load_re
a07f6732221337e72892d3fa5d8797fcab06af99	tool	consolidate	2026-09-12	done 2026-09-13 run 3 batches A-H (lines rewritten, see git log 5924340b..8788b25f); was: gui/ttvideotreeview.cpp:172-176, `TTAVItem* videoItem = mAVData->avItemAt(i);` is only passed into `onAppendItem(*videoItem)` (a v
a08f98922ededcfa6188def6e092ec77bbf2e400	tool	consolidate	2026-09-03	same class as line 1665, `*)` fallback branch `-map 0:$VIDEO_STREAM`.
a0c9bc44bcf89ec320bed065f3d1cf256201a87b	clone	deliberate	2026-09-12	C9. gui/ttcutmainwindow.cpp:279-303 (`connectMenuSignals`) and :338-347 (`connectStreamPointSignals`) — both pure `connect()` runs pairing distinct signal/slot names.
a0eb6d1bed3667d1874d4276ab190e0b2cd4bf70	clone	consolidate	2026-09-03	same family, narrower window (197-216, 299-316, 342-359).
a1068629233242a045190971bcb6e786590a3af7	clone	deliberate	2026-09-13	ttcutframenavigation.cpp:139-162, one connect() per distinct button→slot pair; idiom (13+ sites), the mandated pointer-style wiring (docs/conventions.md cpp/connect_style: pointer).
a111fcfa94b405ffa3f310e5c439e6a889dcb6dd	tool	deliberate	2026-09-03	same reasoning as line 191 above, used for the PAFF raw-YUV dump step's `$(build_tux_timeline_args 1920 1080 25)`.
a11a09d410d479f6858c01d6e2e7f830118ad908	tool	consolidate	2026-09-12	done 2026-09-13 run 3 batches A-H (lines rewritten, see git log 5924340b..8788b25f); was: `TFrameInfo* fi = searchMpeg2->getFrameInfo(); searchInfo = *fi;` (line 275), read-only.
a146bdcdefe4ba896d9c5eca942a846bdfab5748	clone	deliberate	2026-09-12	"tools/diag/test_pillarbox.cpp:32 states outright ""verbatim copy of the worker's pixel test"" before reimplementing `isColumnBlack`/bar-scan at lines 33-75. A verification harness must not depend on the code it verifies."
a17638e1fc555b2a0b569ca8f4a0a1d0830b57c3	tool	deliberate	2026-09-12	same as #210.
a1a271b1c54996c9707c51dfff67ff43a127fb9d	convention	deliberate	2026-09-03	make_damage_fixtures.sh:3 `set -euo pipefail`, used consistently through the whole 81-line file (no set changes elsewhere). Sampling other tools/*.sh files show
a1f42126cdf1d47b794032425c511fa43bc38b76	clone	consolidate	2026-09-04	done 2026-09-04 batch D: TTMuxListDataItem's copy constructor (extern/ttmuxlistdata.cpp:31-50) and operator= (:52-75) run byte-identical field-by-field copy logic (videoFileName + two c
a2191c74c58157534b0b0ce00afdc769fe82f242	convention	documented	2026-09-03	docs/conventions.md: older comment forms remain in place; convention findings are not rebuilt
a2543d8bd7359b85d0e734940757f77ce7bc0951	clone	deliberate	2026-09-03	ttcut-ac3fix.c:482-492 is 2 of 7 total `strcmp(argv[i], ...)` branches (grep count) in a hand-rolled long-option parser (no getopt_long since `-b` takes a value
a27043776d2dbd65883c9cb18bc916f6d3abea91	clone	consolidate	2026-09-04	"the common ""read N bytes → `header_offset = position()-X` → `parseBasicData()`"" prologue repeats in `TTSequenceHeader::readHeader` (69-82), `TTGOPHeader::readHe"
a28d54338b2fe547709da3740fa01b3273b672af	clone	documented	2026-09-12	`cutSubtitleTracks` explicit-tracks vs all-tracks overload signatures — same resolved convenience-overload design as #16/#19.
a28ffc245b7ff06a09339f2e1b72b0425345c5be	tool	consolidate	2026-09-12	done 2026-09-13 run 3 batches A-H (lines rewritten, see git log 5924340b..8788b25f); was: same function; only compared via `chosen == actRemoveRepair`. | target: `const QAction* actRemoveRepair = nullptr;` | reach: singl
a2cbc4b19b347d7d6a6240b5de3a7eabf20fad33	clone	consolidate	2026-09-05	done 2026-09-05 ttcut-demux rest pass: same _ffprobe front end
a2dac64e4a1760d732a6b8424c3dec0b849ebdb8	tool	deliberate	2026-09-12	QString/value bundle getters return by value like the project majority; implicitly shared (run-2 precedent lastError())
a32029c7f405631500101688e9ec0771bf7afacc	clone	deliberate	2026-09-13	ttquickjumpdialog.h:15-33 vs ttstreampointwidget.h:16-33, forward declarations + class opening — Qt header boilerplate.
a3e023a1a0fce4f37c6ba953e6c081312fc6e315	clone	deliberate	2026-09-03	"acm-cut.sh:40-41 `sz=$(stat -c %s ""$OUT"" 2>/dev/null || echo 0); if [ ""$sz"" -gt 0 ] ...`; qc-autocut.sh:130-131 same 2-line idiom inside a differently-parameter"
a41df9a3847e70b44bb73571b222fb38dcb27b82	clone	deliberate	2026-09-03	qc-autocut.sh:178 `VCODEC=$(ffprobe ... -of csv=p=0 ...)`; ttcut-demux:334-400 same ffprobe-probe idiom. No shared bash lib exists (grep for `^source`/`. ` acro
a42d4acda9b35b319ae701d61238e6c4d3e61b38	convention	consolidate	2026-09-05	done 2026-09-05 batch F (skip_if_present, e0a2d4d4): shellcheck's only finding on this file is SC2046 at make_test_video.sh:301 (`$(build_tux_timeline_args 1920 1080 25) \` inside `generate_h264_1080i_paff`), unqu
a43ec8e1dd6dd03ad3253bce603f8aa707e51e30	clone	deliberate	2026-09-13	runs of connect() statements in six unrelated setups; wiring idiom (run-4 precedent clone x5 ttcutmainwindow.cpp:317-319)
a4921a3f37325b5e05ad0454d84ec046dbb31c84	clone	deliberate	2026-09-12	three distinct `QMessageBox(QMessageBox::Warning, tr(title), msg, QMessageBox::NoButton, TTCut::mainWindow)` constructions (Stream Integrity / Defective Frames / Audio Burst Warning) with different buttons — the shared t
a4b7d4fc96e54fd9ff6f1422aa56f4f1ba6e2ed1	convention	deliberate	2026-09-04	file logs through log-> throughout; internally consistent (conventions.md, 2026-09-04)
a4ba286071a4d7f10aee7a80868ee32837c7991e	clone	deliberate	2026-09-12	connect-chain idiom, same as #1/#4.
a504319ba4ac86d60f6e12df5a5a39e10fc6b053	clone	deliberate	2026-09-13	TTSettings getter/setter/early-out idiom, re-fingerprinted after batch A removed audioOnlyFormat(); settings-state.md documents the 76 plain App-Default fields, run-5 classifier ruled the class deliberate
a57f5c437ebdbc809f6226d30f96a5fd1471785b	tool	consolidate	2026-09-04	done 2026-09-04 batch B: same pattern as line 403, in `record_crc_bad`; `slot` only used for the null check
a60093bde39cc2e602018ff87756a9e753f038ef	clone	documented	2026-09-12	"`cutAudioTracks(trackIndices,…)` vs the all-tracks overload — audio-cut-timing.md: ""Seit `4c56d9d9` entfällt … eine Convenience-Überladung von cutAudioTracks ohne trackIndices baut die All-Tracks-Liste selbst und leitet "
a6716af8800e50bc3c2ddfa460b6f7d526e47018	tool	consolidate	2026-09-12	done 2026-09-13 run 3 batches A-H (lines rewritten, see git log 5924340b..8788b25f); was: same pattern at gui/ttcutmainwindow.cpp:2631-2633 (logo search, C2 cluster). | target: `const TTFFmpegWrapper* preview = ...;` | r
a6c7a4c8605638362f044450ee44b71713eae2c9	clone	deliberate	2026-09-12	"gui/ttcutframenavigation.cpp:180-198 (`controlEnabled`) and gui/ttcuttreeview.cpp's equivalent are the ""cascade setEnabled to N child buttons"" idiom (verified: pbAddCut/pbQuickJump/... each individually forwarded) — mech"
a70504f04afc138d4e9559eb445f0d239646f1dd	clone	consolidate	2026-09-05	done 2026-09-05 batch E4 (TTTrackTreeView): onAppendItem's per-row delay-spin/language-combo wiring, onSwapItems/onItemUp/onItemDown/onRemoveItem/onItemRemoved, onContextMenuRequest are near-identical bet
a72d5f2e1af1376939ba544f52983048d26551cf	tool	consolidate	2026-09-12	done 2026-09-13 run 3 batches A-H (lines rewritten, see git log 5924340b..8788b25f); was: gui/ttstreampointwidget.cpp:173-262 (`onContextMenu`) only ever compares `actCutOut`/`chosen` for pointer identity (`chosen == act
a764e50219ac734466c2355c27e93b98c4802c49	convention	deliberate	2026-09-04	comment style, no structure; older forms remain in place per conventions.md
a7d398eabf5b08b158174d7b2dbd88027988e72f	clone	documented	2026-09-12	"`cutAudioTracks`'s `idx` range check vs `cutSubtitleTracks`'s `i` range check — audio-cut-timing.md explicitly documents `cutSubtitleTracks` as `cutAudioTracks`'s ""Untertitel-Zwilling"" with ""gleiches Callback-Schema"", in"
a7df89a2aac37ca6a7f9df6ea9ddca1cdc5c8822	clone	consolidate	2026-09-12	"done 2026-09-13 run 3 batches A-H (lines rewritten, see git log 5924340b..8788b25f); was: the ""seekToFrame failed for AU %1 (display %2)"" warning block after the `seekToFrame(targetAU)` call is identical in shape between"
a807e0a9d32f7e4608af3ca81b7723ad83aa33b1	clone	deliberate	2026-09-05	TTOpenAudioTask/TTOpenSubtitleTask kept separate (decision 2026-09-05): a template helper for the shared open/validate/connect sequence costs more than the 15 lines it saves
a81304e37c711690f02f421895f267d15dd6de94	convention	deliberate	2026-09-04	file logs through log-> throughout; internally consistent (conventions.md, 2026-09-04)
a85bec904591243721229e99c52a38e085160016	convention	deliberate	2026-09-03	extern/ttmkvmergeprovider.h:112-125 — the class's private members (`mLastError`, `mAbortRequested`, `mWasAborted`, `mChapterFile`, …) are correctly `m`-prefixed
a8bb09b102b5ad0990d34500ae9f25193a4ec4f8	tool	consolidate	2026-09-12	done 2026-09-13 run 3 batches A-H (lines rewritten, see git log 5924340b..8788b25f); was: gui/ttcurrentframe.cpp:541-547, `saveCurrentFrame()` declares `szTemp`/`extension`/`format`/`fileList`/`fileName` at function top 
a900f4b3ca31ed85b0c838c94fb364ee86f9899a	convention	deliberate	2026-09-04	comment style, no structure; older forms remain in place per conventions.md
a94ced44e0475739c626f719ca44a09cf8e187aa	tool	consolidate	2026-09-03	`AUDIO_TRIM_SECS[$i]=$(awk ...)`, same array-subscript class.
a9bdca7604115707b0d9e3446ee5c39af194cd65	clone	consolidate	2026-09-05	done 2026-09-05 batch F (ttcut-demux helpers, e0a2d4d4): overlapping window of row 6 (h264/hevc case-arm ffmpeg calls).
aa49e29c12804cf8e6fbb6158d9b592a6ec59ffc	clone	deliberate	2026-09-03	"acm-cut.sh:44 `d=$(ffprobe -v error -show_entries format=duration -of csv=p=0 ""$OUT"" ...)`; qc-autocut.sh:158 and ttcut-demux:2588 same one-line ffprobe-duratio"
aac7a6b194f603feb3e865aa9d7e1cb1b0b9e028	convention	deliberate	2026-09-04	comment style, no structure; older forms remain in place per conventions.md
aadff2187696e719aa841e4cec36b85e0ac3e14d	tool	consolidate	2026-09-12	contains the message-box/cluster-building logic already flagged for extraction in #31/#33/#79/#92; splitting those out directly reduces this function's size. | target/reach: folds into #31 and #33's targets.
aaf71218765d317f7b92557a26965b45730abcd1	clone	deliberate	2026-09-12	connect-chain idiom, same as #1.
aafc67c1d6e3160e85dd4652c860069ee545cd5c	convention	deliberate	2026-09-04	file logs through log-> throughout; internally consistent (conventions.md, 2026-09-04)
ab00cbc66e72fa4d71a67a9c951d40c9894da173	clone	consolidate	2026-09-12	done 2026-09-13 run 3 batches A-H (lines rewritten, see git log 5924340b..8788b25f); was: C6, same themed-icon idiom extended to TTCutPreview's ctor. | target: ttSetThemedIcon() helper (same as above) | reach: adds gui/t
ab2e9087e91a6877efa7f675ff4f634c6124f280	convention	deliberate	2026-09-04	comment style, no structure; older forms remain in place per conventions.md
ab33f5822c5beb297a1950933d26b48740aadfec	clone	deliberate	2026-09-03	"common/ttsettings.cpp:624-641 — inside `load()`, `mField = settings.value(""Key/"", mField).toType();` per StreamPoints key; each line reads a distinct QSettings "
ab797b81cc044150b57edc5c007695ccbbf968fd	convention	deliberate	2026-09-03	file uses `qDebug()` in all 9 logging calls (ttmpeg2window2.cpp:330,337,342,370,376,380,384,390,492), 0 `printf` — locally consistent Qt-idiomatic logging; proj
abb8ec18fc6fabf7ed74fd108db0f3903253235a	clone	deliberate	2026-09-04	"3-4 line `connect(pbX, &QPushButton::clicked, this, &Class::slot)` blocks; matches prior audit fingerprint b1ab1be9 (""one connect block of ~20 buttons; the 'sit"
acc1f891b2beedeea59fefeac68ca8864d8e81af	class-size	deliberate	2026-09-03	"common/ttsettings.h/.cpp comments throughout (""Task 4""…""Task 13"", common/ttsettings.cpp:588-593 ""docs/superpowers/plans/2026-05-03-task-1-qsettings-inventory.md"
acc3b1b6b5432811c3d2275dda666917abe06032	convention	deliberate	2026-09-04	comment style, no structure; older forms remain in place per conventions.md
accc5a45c150bb8993d8eaddc0b282299bbef09c	clone	consolidate	2026-09-12	done 2026-09-13 run 3 batches A-H (lines rewritten, see git log 5924340b..8788b25f); was: C2, continuation of the same onSearchBlackFrame/onSearchSceneChange pair (task construction + connect block). | target: same helpe
acf5705d76a6264431bbb5b10d42f0725126a4e3	tool	consolidate	2026-09-12	done 2026-09-13 run 3 batches A-H (lines rewritten, see git log 5924340b..8788b25f); was: same as `buildHistogram` above — shares its entire decode loop verbatim; `decodeFrameForAnalysis` extraction addresses this. | tar
ad2f2a6966c4628cfe9f9d3015439eec27f59a23	clone	consolidate	2026-09-12	done 2026-09-13 run 3 batches A-H (lines rewritten, see git log 5924340b..8788b25f); was: play-button state text+icon, small showPlayState(bool) helper; open
ad71ad0015ca5fe799907c8ccac7ff7b0e154ee0	tool	consolidate	2026-09-12	done 2026-09-13 run 3 batches A-H (lines rewritten, see git log 5924340b..8788b25f); was: part of C12 — gui/ttstreampointwidget.cpp:252-255, same `any_of`-shaped loop over `repairPlannedSuffixVariants()`. | target/reach:
add1fb407bc81e9dc020b5dfd702baa31b337289	clone	deliberate	2026-09-04	trivial getter/setter idiom (`int x() const {return mX;} void setX(int v){mX=v;}`) on `TTH264SPS`/`TTH265VPS`/`TTH265SPS` — distinct parameter-set structs with 
ae005a97a81f85985fb024f17e6f53718700e251	tool	consolidate	2026-09-13	done 2026-09-13 run 4 batches A-E (lines rewritten, see git log ed6939fe..0400b9a0); was: TTAVItem* planItem = cutList->at(0).avDataItem(); (data/ttavdata.cpp:1595) is only read afterwards (planItem->audioCount(), passed
ae6fe4c5826082e3d6ffd2b36ca4f05dc5770953	clone	deliberate	2026-09-12	tag if/else-if idiom, same family as #12.
ae7024c10675f83445a95f47d51236e1322d59ae	clone	consolidate	2026-09-03	same family — write_ttcut_project+echo-Done epilogue followed by the next function's cache-check prologue, repeated 3× (318-328, 465-476, 510-527).
ae71f32095b6423f912b273c8e7deeeeda579f6d	clone	deliberate	2026-09-12	parallel Qt signal (emitter) / slot (receiver) header declarations for the same conceptual wiring — normal Qt architecture, not logic duplication.
ae808c36c19d0dc9aa4a5380ce0e63f2f109bc9e	clone	deliberate	2026-09-12	XML child-node if/else-if tag loops (repair FrameFrom/FrameTo/Channels vs cut Confidence/Duration/AudioFrameFrom) — shared loop shape, distinct fields per branch; standard idiom repeated throughout this file.
aea2222482f40cf990fcc885d68780fbc5101f3d	clone	deliberate	2026-09-12	connect-chain idiom, same as #1.
aeb6e0f8d82985f19bc1943b27d83b44dcf83ea9	clone	deliberate	2026-09-13	ttcurrentframe.cpp:114-124 (icon + connect setup of the widget's own buttons) vs mainwindow.cpp:401-419 (TTAVData signal wiring); matched by token shape only.
aec9f83cccd3a86ffa9fa3af1b8ac2f23c8f895d	clone	deliberate	2026-09-13	connect() list of the navigation constructor, re-fingerprinted after batch D removed the search connects (was clone x17/x15 ttcutframenavigation.cpp:139-150, deliberate: one connect per button-slot pair, pointer-style wi
aece16c115c72e9af718a6b415d656659e0b286d	tool	consolidate	2026-09-05	done 2026-09-05 batch F (process_one_frame, switch table, e0a2d4d4): single 140-line function mixing distinct responsibility groups: buffer refill/carry-over (290-296, 391-395), sync-word scan (298-302), header parse (304-310), f
af4c992baacc2e2188cc92d2fc914ca42348282e	clone	consolidate	2026-09-04	done 2026-09-04 batch D: identical H.264 SPS scaling-matrix-present skip loop at avstream/ttnaluparser.cpp:556-560 (own bit-reader), extern/ttessmartcut.cpp:1661-1665 (inside parseH264S
af4f1d9ee3696b9dc3840a132dd85d75f14a53f0	clone	deliberate	2026-09-12	C1, videoWorker construction/wiring vs its guard clause, same family.
af9b1ee2ddb8b7332047495ae81f66fe76be26ef	tool	consolidate	2026-09-12	done 2026-09-13 run 3 batches A-H (lines rewritten, see git log 5924340b..8788b25f); was: gui/ttcurrentframe.cpp:708-720, `mpeg2vs` is only used via the const-returning `extraIndices()`. | target: `const TTMpeg2VideoStre
afd1bc3dda26f68c49ee70b41420b4edcd640278	tool	consolidate	2026-09-12	done 2026-09-13 run 3 batches A-H (lines rewritten, see git log 5924340b..8788b25f); was: gui/ttcutmainwindow.cpp:2489-2492 (inside the C11 `onLogoDataLoaded` analysis-wrapper block), `previewWrapper->frameIndexBundle()`
afd955b4ec9fc3ad2af9d69645563544d1b93b61	clone	consolidate	2026-09-04	done 2026-09-04 batch D: addAudioInputs (extern/ttmkvmergeprovider.cpp:471-561) and addSubtitleInputs (:566-609+) both: open input, find best stream of one media type, create output str
aff11bd1d8c164956c07e774ff3c30e45a280f38	clone	deliberate	2026-09-12	tools/diag/test_streampoint_order.cpp independently recomputes the header-scan/picture-count/display-rank logic to cross-check `TTStreamPointVideoWorker::displayPositionAfter`; it is the exact harness the map cites for t
b0155af2fef69f5436d52f24517e3b93769ec58a	tool	deliberate	2026-09-12	QString/value bundle getters return by value like the project majority; implicitly shared (run-2 precedent lastError())
b044c0a78c4bf27e6561d23448cd8037e52ee15c	clone	deliberate	2026-09-12	ttsettings.h:124-140 (`encoderMode`/`encoderCodec` getter+setter declarations) vs :305-311 (`muxMode`/`muxOutputPath`) — declaration idiom (see clone x22), unrelated fields.
b04f7217390e2f93c9dcb33b8a40667426f022ea	clone	deliberate	2026-09-12	`onUserAbort()` is pure virtual in common/ttthreadtask.h:57 (`virtual void onUserAbort() = 0;`); every independent TTThreadTask subclass not derived from one another must supply its own one-line `{ mIsAborted = true; }` 
b05416044dee11906e12e2faf6bf01f7c4af52d7	convention	deliberate	2026-09-04	file logs through log-> throughout; internally consistent (conventions.md, 2026-09-04)
b077fe19989fe69fbdf070ee3b5482cb5dc2900f	clone	deliberate	2026-09-12	C9, connect() sequencing.
b0ac0e649b8cd69293e5e3bcf23b7a22869dca9e	clone	deliberate	2026-09-12	ttsettings.h:87-94 (`logModeConsole`/`logModeExtended`/`logVideoIndexInfo`) vs :106-112 (`logCutPipeline`/`logAVStream`) — same idiom.
b0f59653141507dadc5c9476db3bb72850abd138	tool	consolidate	2026-09-03	"same class, `AUDIO_TRIM_SECS[$i]=""0""` (else branch)."
b1438c3b5597a0126b713cbc8612e32553801034	tool	consolidate	2026-09-12	done 2026-09-13 run 3 batches A-H (lines rewritten, see git log 5924340b..8788b25f); was: evidence/target/reach: mechanical, add `const`, 1 line.
b1ab1be91550394f32fe33dd6f893641bdd9f468	clone	deliberate	2026-09-03	"gui/ttcutframenavigation.cpp:139-169 is one `connect(pbX, &QPushButton::clicked, this, &TTCutFrameNavigation::onX)` block of ~20 buttons; the 12 ""sites"" are the"
b1ce96483141dbcae22d1e892fb03ccb99f71f28	tool	deliberate	2026-09-03	called at gui/ttcutmainwindow.cpp:1842, 2691, 2761, 2829 — same cross-file visibility gap.
b243a23898757f24670ebee321c555d83e896b09	clone	consolidate	2026-09-13	done 2026-09-13 batch B: createAnalysisWrapper() for onLogoDataLoaded (via loadMarkadLogoProfile) and onLogoROISelected (f2198216)
b2621a81e8215289752c1d0a30742b10ab0c5c5b	clone	consolidate	2026-09-12	"done 2026-09-13 run 3 batches A-H (lines rewritten, see git log 5924340b..8788b25f); was: the ""adopt TTH26xVideoStream::frameIndexBundle() else build via TTFrameIndexer"" block is byte-for-byte the same idiom at ttframese"
b27b3daa9b610e4fdbaa2712f2573b4c2bcd4179	convention	deliberate	2026-09-03	"extern/ttencodeparameter.h:1-9 license header states ""Originally TTCut (c) 2003-2010 B. Altendorf / TriTime""; its class-doc block at :19-21 uses the old `/* ///"
b2ad054ca8a710db477dcd7620c90e0328958087	clone	deliberate	2026-09-12	"same as above — isColumnBlack (ttaspectdetect.cpp:18-28) vs its ""verbatim copy"" in test_pillarbox.cpp:33-45 (declared as such in the file's header comment)."
b31f105059bb7580957cea214894454096620736	tool	deliberate	2026-09-12	single full-scan loop combining sampling, classification, hysteresis feed, refinement, tallying and summary-string building — each block is independently commented and spec-driven (aspect scan hysteresis contract documen
b3228415b044f1e9fe7662ba1308ab8662fc758f	convention	deliberate	2026-09-03	whole-file 4-space indent (e.g. ttcut-audiofix.c:93-138), consistent standalone-C-tool convention shared with ac3fix/burst-probe (see row 30).
b3720db5c8a89eefdfb96865f1e67852bb76bf86	tool	deliberate	2026-09-04	"the whole ""Create info file"" section (:2818-2915+) interleaves dozens of conditional `echo ... >> ""$OUTPUT_INFO""` lines inside loops and `if` guards; grouping i"
b3c091878a5af0ca4076f1109df7dfce1a0b8835	clone	deliberate	2026-09-04	settings.value() load-idiom (ttsettings.cpp:734-777).
b3d29626f2805b1eafab5bb2cf18ea7d975db7f0	clone	consolidate	2026-09-12	done 2026-09-13 run 3 batches A-H (lines rewritten, see git log 5924340b..8788b25f); was: ttsettings.cpp:246-258 is the H.264/H.265 tail of `setEncoderCodec`'s switch; ttsettings.cpp:763-766 is the matching tail of `load
b3d7df74e54cdeae8d830371082774ca0e2b03c0	clone	consolidate	2026-09-12	numPreview = count/2+1 guard, falls into previewSegmentIndices (data-A #60); open
b3ff92e6d0475a6b1005572ee231e7df6399dfda	clone	consolidate	2026-09-12	MKV-provider setup (`setDefaultDuration`/`setIsPAFF`/`setVideoCodecId`/`setVideoDisplayOrder`) duplicated between the two preview paths — part of the #43 family. | target/reach: same as #43.
b447c6198587e75ec09e918ac5af4b2dfe38a3d9	clone	consolidate	2026-09-05	done 2026-09-05 batch F (ttcut-demux helpers, e0a2d4d4): overlapping window of rows 12/15 — same `_parse_fraction` + `_probe_field` cluster (FIELD_ORDER/AVG_FPS ffprobe calls wrapped in the fraction-parse/if-guard sha
b44e39209b979677ee12896054bbd5e612a65c7d	convention	deliberate	2026-09-04	file logs through log-> throughout; internally consistent (conventions.md, 2026-09-04)
b4737d3c851a1c6b4ccf9f52996dca3b239200a6	tool	deliberate	2026-09-12	same as #184.
b516d67b4ab49301280127ff799d98537fc6e966	clone	deliberate	2026-09-04	early-out setter idiom (ttsettings.cpp:448-562).
b522ff2f4ad741c38174f82c65fe5b7b071d6ac2	clone	consolidate	2026-09-12	done 2026-09-13 run 3 batches A-H (lines rewritten, see git log 5924340b..8788b25f); was: C2. gui/ttcutmainwindow.cpp:2255-2282 is the found-handler tail of `onBlackSearchFinished`; :2335-2362 is `onSceneSearchFinished`'
b56d5a4f04bbba56eb3461bdab807912d00063cf	clone	consolidate	2026-09-12	done 2026-09-13 run 3 batches A-H (lines rewritten, see git log 5924340b..8788b25f); was: same `updateProfileList` H.264/H.265 case-block duplication (narrower window). | target/reach: same as above.
b580dd590621cda7135dbd21e1c2458254fc5bf0	tool	consolidate	2026-09-03	complexity is driven by the two near-duplicate PAT/PMT scan loops documented under the clone x2 finding above (128-173 / 189-235).
b5842807816ef773abc663484ced5d1e2a6bd37d	class-size	unsure	2026-09-03	gui/ttcentredtitlestyle.cpp is 92 lines and implements exactly one class, TTCentredTitleStyle, with 4 out-of-line methods (constructor, install, drawComplexCont
b5c91bf9b7584953eca575ba568eed55dc009d2e	clone	deliberate	2026-09-04	early-out setter idiom (ttsettings.cpp:224-553), same class as row 2/3.
b5c9f2d016e2b24f6be37a9353ddb254a768837b	tool	consolidate	2026-09-12	done 2026-09-13 run 3 batches A-H (lines rewritten, see git log 5924340b..8788b25f); was: evidence/target/reach: mechanical, 1 line.
b5cbb032e551189dc3ae5134fd76506a901f85ad	clone	deliberate	2026-09-04	settings.value() load-idiom (ttsettings.cpp:625-676).
b5d245018fe877a946f7c9f0bbcf11c71a072cd4	clone	deliberate	2026-09-13	data/ttavdata.h:89-97 — avItemAt/avCount, cutItemAt/cutIndexOf/cutCount, markerAt/markerCount: one-line inline accessor pairs for three sibling lists. Standard accessor-boilerplate idiom, nothing to extract without an ac
b5def2fa7f9cd01828a4f1fedd836de26fca12d2	convention	deliberate	2026-09-04	comment style, no structure; older forms remain in place per conventions.md
b6c668c6044a953a0ed783cac6a94090a12da118	clone	consolidate	2026-09-04	done 2026-09-04 batch D: same for-loop body as the x4/90-96 clone above, matched here against the second ttavdata.cpp occurrence (data/ttavdata.cpp:2435-2441, mSyncPhaseAbort branch) pl
b70c3feb950584a54f8e8f50b3a44b2e4d6f5b74	clone	deliberate	2026-09-12	C4, checkbox-enables-spinbox tail (mkv-chapters-style pattern), small and codec/feature-specific.
b774c8df4c7042aa2aa56ae0156fc65960cdc1e0	clone	deliberate	2026-09-03	two readers with different key sets share four lines of width/height reading
b7a029e68778f10e4bc0ce86939a28c3938e6d0e	clone	deliberate	2026-09-13	was clone x5 (gui/ttcurrentframe.cpp:749-751) before batch B folded one site into startAnalysisTask; generic connect(sig1); connect(sig2); shape across unrelated tasks
b81d9a6ac5fd526be77d5034b950fe55eb9de8d7	tool	deliberate	2026-09-03	called at gui/ttcutmainwindow.cpp:1858, 2702, 2768, 2847 — same cross-file visibility gap.
b8239a2922eff60309b7fff0bd7527fd34f37899	clone	consolidate	2026-09-12	done 2026-09-13 run 3 batches A-H (lines rewritten, see git log 5924340b..8788b25f); was: the centre-band Y-plane row/col scan skeleton (`for row … rowBase = yPlane+row*yStride; if (shift==0){ for col … } else { uint16_t
b84c7483482b695645c7bb61dec9eb090379242b	tool	deliberate	2026-09-12	QString/value bundle getters return by value like the project majority; implicitly shared (run-2 precedent lastError())
b85b4028fdcb355d8422309f7cafd51e0e65672b	tool	consolidate	2026-09-12	evidence/target/reach: same as #191.
b92281bf892f2a3dcd1d99585549e42a5623be37	tool	consolidate	2026-09-12	done 2026-09-13 run 3 batches A-H (lines rewritten, see git log 5924340b..8788b25f); was: `for (gap : mGapFrameRanges) { if (overlap) { desc += ...; break; } }` (lines 492-497) is a pure existence check with a side effec
b9904ac1742a0c0c5e9236a83a2c62b564d8bfa3	clone	deliberate	2026-09-12	onAnalyzeStreamPoints' worker-guard clause vs another guard fragment elsewhere in the same file — small, local.
b9af1f4fcdf404a53fe288f2a9cf080f38a5c44a	clone	deliberate	2026-09-12	TTAudioList/TTAVList(subtitle proxy)/TTSubtitleList Qt signal declarations — per-type QObject signal lists, cannot be templated in Qt's moc model.
ba6f8f5dfac154468298b0022982395fb6b2dc19	clone	deliberate	2026-09-03	buildAccessUnits() loop skeleton is shared shape, but tth264videostream.cpp:96-103 populates TTH264AccessUnit via setIDR/setGopIndex/setFrameSize while tth265vi
baf31fa8d3b12dce85f4d8e0283087663283855b	clone	deliberate	2026-09-04	":1619-1623 (`for i in ""${!AUDIO_STREAMS[@]}""; do IFS=':' read -r idx codec lang <<< ...`) and :2932-2934 (`for entry in ""${AUDIO_GAP_FRAMES_SOURCE_PTS[@]}""; do "
baf7ae176f2eadb675574068c7b790c1abfadbb5	clone	deliberate	2026-09-12	C4, settings-page ctors (setupUi + resetToDefaults connect).
bb0e9e9074d5f1ead179fd2edcecd8a839f28ea1	clone	deliberate	2026-09-12	tag if/else-if chain idiom, same family as #12.
bb16290e5c0c4ed250536cb4500009b3fa5e7008	tool	consolidate	2026-09-12	done 2026-09-13 run 3 batches A-H (lines rewritten, see git log 5924340b..8788b25f); was: ttthreadtaskpool.cpp:415 `TTThreadTask* task = mTaskQueue.at(i);` inside `runningTaskCount()` — only `task->isRunning()` (a const 
bb19b11380c299c3947308f3eeb421a61954e072	clone	deliberate	2026-09-12	C9, connect() sequencing fragment.
bb22db8cb20c940de3552f874ab46ccf694edd18	tool	consolidate	2026-09-12	done 2026-09-13 run 3 batches A-H (lines rewritten, see git log 5924340b..8788b25f); was: `TTFrameSearchTask::decoderKindFor(TTVideoStream* stream) const` only inspects the parameter via `dynamic_cast`, never `this`. Mec
bb7049fab67f7d55075b29689c8ef207560605f2	clone	deliberate	2026-09-12	ttsettings.h:115-122 (`logAVStream`/`logUI`/`logLibav`) vs :207-211 (`normalizeAcmod`/`audioLanguagePreference`) — declaration idiom.
bb907100fc3bfe5794772c190a8b2f61e893c36e	clone	deliberate	2026-09-12	constructor definition vs. its own header declaration — C++ requires matching signatures; not duplicated logic.
bbbf369301c7a2d7043601236d8a21b558fd17ae	tool	documented	2026-09-12	playback.md's `BE → WR (events)` edge documents `drainEvents`' full event-type mapping (`PROPERTY_CHANGE`, `FILE_LOADED`, `PLAYBACK_RESTART`, `END_FILE` sub-cases, `LOG_MESSAGE`) as the intended single dispatch point for
bbdc424cf708a5f20b69b0a6642872db89a186b1	tool	consolidate	2026-09-03	guarded by `if (remaining < 8) continue;` at line 154 (itself load-bearing against an adversarial `pointer_field` skip at 148-152), then `remaining -= 3` (fixed
bbef1fab0328697672736cfa86a413228c8d66d1	clone	deliberate	2026-09-04	125-130/131-136 are forward declarations of rewriteEncoderSliceForSourceSps/rewriteEncoderPacketForSourceSps (extern/ttessmartcut.cpp:103-138); 4122-4127/4619-4
bbf48d1f5f4136e20f1647abbe0733c3dc98fefc	tool	deliberate	2026-09-12	QString/value bundle getters return by value like the project majority; implicitly shared (run-2 precedent lastError())
bc3e04a3cd8860738d7abad4fc00db238af0a2dd	clone	deliberate	2026-09-12	two adjacent lines in `resetToDefaults` setting H.264 vs H.265 CRF spin-box defaults — trivial 2-line pairs, not worth a helper.
bc99426b93d1c22cd1c98944e9b57858eedd3aea	clone	deliberate	2026-09-12	`parseVideoSection`/`parseAudioSection`/`parseSubtitleSection` opening boilerplate (order+rawName read) — per-section-type XML parser, consistent with the file's one-parser-per-element design.
bc9e7ecb8ed05e81b4cd7dfc01a5cc698680e710	clone	consolidate	2026-09-05	done 2026-09-05 batch F (skip_if_present, e0a2d4d4): `generate_mpeg2_fieldpic()` guard (make_test_video.sh:237-241: `output_already_present` → echo → `write_ttcut_project` → `return 0`) is byte-for-byte the same s
bd4c606df0865afebe2d4d193468b8fe49a99c51	convention	deliberate	2026-09-03	gate_headerlist_eof.sh:21 `set -euo pipefail` with an explicit `set +e`/`set -e` bracket at lines 43/46 around the one rc-capturing command — same scoped-opt-ou
bd5880c9791735b34dec60d903f57d457ad18d5e	tool	consolidate	2026-09-12	done 2026-09-13 run 3 batches A-H (lines rewritten, see git log 5924340b..8788b25f); was: `AVDictionaryEntry* startTag = av_dict_get(...);` only read via `startTag->value` (line 307); its siblings `endTag`/`durTag` two b
be000f5bb26e0b7a79655bdd7cf61adda437a00d	clone	consolidate	2026-09-12	done 2026-09-13 run 3 batches A-H (lines rewritten, see git log 5924340b..8788b25f); was: `writeAudioSection` (468) and `writeSubtitleSection` (700) write identical field sets (Order, Name, optional Language, optional De
be0d61cc3fd295e166d84f30a2eb491998e06913	clone	deliberate	2026-09-04	same scenario-block pattern as above, all within test_audiorepair_persist.cpp; part of the harness-boilerplate class (see row 2/3, 15 evidence).
be119db4e90b3ccdb72825b50f2931a52408fd1d	clone	deliberate	2026-09-13	TTSettings getter/setter/early-out idiom, re-fingerprinted after batch A removed audioOnlyFormat(); settings-state.md documents the 76 plain App-Default fields, run-5 classifier ruled the class deliberate
be18afbac2248ccbdd252e4628cbc6e493a0becc	clone	deliberate	2026-09-03	repeated `bool readHeader(TTFileBuffer*); bool readHeader(TTFileBuffer*, quint64); void parseBasicData(...)` declaration triples across TTSequenceHeader/TTSeque
be66b5e054436316b923acc9222009d6f0a56cf4	clone	deliberate	2026-09-03	common/ttthreadtaskpool.cpp:141-158 connects TTThreadTask signals (started/finished/aborted/statusReport/destroyed) to the pool; data/ttavdata.cpp:84-89 wires T
be84ce0e6b1e05a48f5aa666f9f8479af5a2d2b3	clone	deliberate	2026-09-12	"all three are the project-wide ""libav call fails → `TTMessageLogger::warningMsg(__FILE__,__LINE__, ...)` → call-site-specific cleanup → fail"" idiom (ttessmartcut.cpp:3778-3780 frees a packet and returns false; ttffmpegwr"
be9140e8729b2bd529777b5cf5220e8d944cc54b	clone	deliberate	2026-09-04	early-out setter idiom (ttsettings.cpp:382-574).
beadb975068564a362d488927210659b7fb8774f	convention	deliberate	2026-09-04	comment style, no structure; older forms remain in place per conventions.md
bed2b863f2cc9b7ad3b9fb5aeee1972210f1ba23	clone	deliberate	2026-09-04	extern/ttaudiorepair.cpp:123-134 is libav open+find-audio-stream code inline in a larger production function; test_audiorepair.cpp:150-160 and test_audiorepair_
beffb2dd4d497d99e5d5d90acb45314e187cd3c3	tool	consolidate	2026-09-13	done 2026-09-13 run 4 batches A-E (lines rewritten, see git log ed6939fe..0400b9a0); was: ttcutsettingsstreampoints.cpp:71 TTSettings* s only read in setTabData(); mechanical. | target: const TTSettings* s = TTSettings::
bfa3a2bb6cfd3c10c1969c6ba96b8c70334ed544	tool	consolidate	2026-09-12	done 2026-09-13 run 3 batches A-H (lines rewritten, see git log 5924340b..8788b25f); was: same pattern at gui/ttcutmainwindow.cpp:2351-2353 (`onSearchSceneChange`, C2 cluster). | target: `const TTFFmpegWrapper* preview =
c014af376eb630b4dfbd3665be568c79d052e010	tool	consolidate	2026-09-12	evidence/target/reach: same finding as #145.
c0619de6648e3b5a10b0364bd89a7fd2e499cec5	tool	consolidate	2026-09-12	class owns raw pointers (`xmlFileInfo`, `xmlDocument`, `xmlRoot`, `xmlNodeList`, see #109) with no copy ctor/`operator=`, a real Rule-of-Three gap; no call site in the repo actually copies a `TTCutProjectData` (all const
c06656d923b192a16c33e3dd169d827b79491d28	convention	deliberate	2026-09-12	same conventions.md carve-out; the file logs exclusively through `log->debugMsg(...)` (lines 313, 320), no direct qDebug in the body.
c08ba35253f4dfc4d4cfacac1a59074084e4f8be	clone	consolidate	2026-09-12	"done 2026-09-13 run 3 batches A-H (lines rewritten, see git log 5924340b..8788b25f); was: another window of the #20 "".info"" fallback family (A/V sync offset half). | target/reach: same as #20."
c0d6f2161de75c55f37c354a0e04c30b47057d0d	tool	consolidate	2026-09-04	done 2026-09-04 batch B: `openVideoFile(QString fName, ...)` declared ttmpeg2window2.h:49; only 1 internal caller (ttmpeg2window2.cpp:398) passing `mpeg2Stream->filePath()`
c0f20b7af48b8af21a9e4eaf8ab03db79dafd6ce	tool	consolidate	2026-09-12	done 2026-09-13 run 3 batches A-H (lines rewritten, see git log 5924340b..8788b25f); was: evidence/target/reach: mechanical, 1 line.
c14a732daae8e174eef4df319d02a7c25e240945	clone	deliberate	2026-09-12	navigationEnabled/controlEnabled cascade idiom, confirmed at gui/ttcutmainwindow.cpp:1702-1709.
c198c6a327e988d5f1c2feb308178280a695c147	clone	deliberate	2026-09-04	data/ttaudiolist.h:44-89 (TTAudioItem/TTAudioList) vs data/ttsubtitlelist.h:40-85 (TTSubtitleItem/TTSubtitleList); both classes are QObject/Q_OBJECT (data/ttaud
c228003bcbf15ffad9421a0273c54ab6a83692a8	tool	deliberate	2026-09-12	same as #187.
c23ad46c925397c6e1d696dda67ade651368d84f	clone	consolidate	2026-09-12	done 2026-09-13 run 3 batches A-H (lines rewritten, see git log 5924340b..8788b25f); was: ttaudioanomalyscantask.cpp:144-155 (contiguous-run clustering with gap tolerance, building `QList<QPair<int,int>> islands`) has th
c266c587598b52dfbd8871c2ede447b4e863e5e3	tool	consolidate	2026-09-13	done 2026-09-13 run 4 batches A-E (lines rewritten, see git log ed6939fe..0400b9a0); was: TTStreamPointModel(QObject* parent = 0); (data/ttstreampointmodel.h:31); sole call site new TTStreamPointModel(this) (gui/ttcutmai
c29259e83af8e50810da30b5e475cbedde7faf28	tool	consolidate	2026-09-03	guarded by `if (remaining < 12) continue;` at line 215, then `remaining -= 3` (fixed constant, line 227) → remaining is provably ≥9 at line 230. Mirror-image of
c2932c8a8a7e477debe9b343c5e9439d87240f50	clone	deliberate	2026-09-04	settings.value() load-idiom (ttsettings.cpp:636-698).
c29843cc8d488ce613b8a62bd65bcb05a901c24e	clone	deliberate	2026-09-03	subset of the same accessor-declaration idiom as clone x10 (common/ttsettings.h:47-55, Common Options group).
c2bd0ad550882d1d4ab69c06a3e3ff4b40d8ce60	tool	deliberate	2026-09-12	`appendStat` closure processes one decoded AC3 frame (channel-layout check, per-sample RMS/maxDiff accumulation, format-mismatch logging) and captures several locals from `collectFrameStats`; splitting it out would requi
c3072cf87be8c43221f4a04034e471b9abb747f7	tool	deliberate	2026-09-03	called at gui/ttcutmainwindow.cpp:2668 and :2715 — same cross-file visibility gap.
c327ccdeae4570ad2ff4db6fbf79e793460eedb8	clone	deliberate	2026-09-12	connect-chain idiom, same as #1 (extern/ttmplexprovider.cpp:156-162, gui/ttcutpreview.cpp:90-94 are QProcess/UI wiring, unrelated logic).
c32acdb3d7950ce42e18f3a1d43ea292eb4ffd5c	clone	deliberate	2026-09-12	ttthreadtaskpool.cpp:128-133 is `wireTask()`'s connect() chain; the other two sites are gui/ttcutmainwindow.cpp:351-358 (`connectMenuSignals` menu-action connects) and gui/ttcuttreeview.cpp:132-141 (button/tree connects)
c330bba9dfea85c9be7cf6caa5fd429ce5c8e3c7	clone	deliberate	2026-09-03	common/ttexception.h:39-100 — each `TTxxxException` subclass repeats the two-constructor + `getClassName()` idiom. common/ttexception.cpp:19-42 shows the 2-arg 
c3345f44e4755a1c5e875a284922bb19620f02a8	clone	consolidate	2026-09-12	done 2026-09-13 run 3 batches A-H (lines rewritten, see git log 5924340b..8788b25f); was: ttthreadtaskpool.cpp:104-112 inlines `disconnect(task, &TTThreadTask::started/finished/aborted, ...)` + `disconnect(task, &TTThrea
c35725235c4c1e6930a6efb54bb140eb25301496	clone	deliberate	2026-09-12	`onCutAborted`'s disconnect block vs `TTCutMainWindow::connectMenuSignals` — unrelated functions matched only on connect/disconnect statement shape (false-positive at the token level).
c47dbca3e16b75373900e56cc1280d7496d2b4b3	clone	deliberate	2026-09-04	"test_preview_then_cut.cpp:157-202 explicitly says in-code ""the pool emits exit() ... measured; see test_dialog_then_cut"" (test_preview_then_cut.cpp:193) — a sel"
c48b0dfd9122467b8d166396b31545e10982218c	convention	consolidate	2026-09-04	"done 2026-09-04 decision 4: ttcut.sh removed: ttcut.sh:1-9 has no `set` line at all; 18 of the other 20 shell scripts in the tree set at least `-u` (`grep -m1 -oE ""set -[a-zA-Z]+""` over ttcut.sh, tools/*.sh"
c48e5d863bf2a30b0fac4d12134ec10b7389e921	tool	consolidate	2026-09-03	"`TTEncodeParameter TTTranscodeProvider::parameter() { return enc_par; }` — repo-wide search finds zero callers (`grep -rn ""\.parameter(\|->parameter(""` outside "
c4ece2e25d67d0bf33f64e5f6306ab5a038dc87a	clone	deliberate	2026-09-12	same controlEnabled/navigationEnabled cascade idiom (gui/ttcutmainwindow.cpp:1702-1709 `navigationEnabled` forwards to 5 distinct widgets) confirmed above.
c5a0452ecb2589bb52ecf7ffe633e30a99f7ac98	convention	deliberate	2026-09-04	comment style, no structure; older forms remain in place per conventions.md
c5a2597d496865b7943797bb3e1cd41d88097474	class-size	documented	2026-09-03	"CLAUDE.md:202,215 documents ""TTNaluParser: Memory-mapped native H.264/H.265 NAL unit parser"" as a single unified parser for both codecs, matching frame-order.md"
c5b433c946231aaea56f949855d5f698f408d9a4	clone	consolidate	2026-09-03	same finding as gen_audio_ac3/gen_audio_mp2 above (74-82 includes render_tux's closing brace + gen_audio_ac3 header; 85-91 the gen_audio_mp2 mirror).
c5d363b47a68672bd1e32e0789031bc57604bdc3	clone	deliberate	2026-09-13	ttcurrentframe.cpp:748-751 wires TTPlaybackMuxTask (two completion slots, globalInstance pool); ttcutmainwindow.cpp:1132-1147 startAnalysisTask wires a generic TTThreadTask (one shared slot, stream-point pool, counter); 
c601858160f4ee400fb3908b50d6bee9f407b97e	tool	consolidate	2026-09-03	"tools/vdr-demux-example.sh:412 `read -p ""TTCut starten? [j/N] "" antwort` — same class of fix as build-package.sh:56."
c608d02d0f0e9c85a96ad765b2dea1828d272c2a	clone	deliberate	2026-09-12	`onOpenAudioFinished` (890) vs `onOpenSubtitleFinished` (963) — mirrored per-type Qt slots (TTAudioStream* vs TTSubtitleStream*, mPendingAudioLanguages vs mPendingSubtitleLanguages), matches the stream-hierarchy per-type
c67f480e9419e931508fcf937ba8dfda9f3acd2c	clone	deliberate	2026-09-12	ttsettings.h:248-256 (`spDetectSilence`/`spSilenceThresholdDb`) vs :266-273 (`spDetectPillarbox`/`spPillarboxThreshold`) — same getter+setter-declaration idiom (see clone x22), unrelated fields.
c68b7678f26c461b97997ed3b3203a8ba1b7add6	clone	deliberate	2026-09-12	"`getAudioNames`/`getSubtitleNames` — per-type discovery methods, named and used exactly as stream-open-project-load.md's summary table documents (""Audio: discovered `<base>*.{mpa,mp2,ac3,aac}`… `getAudioNames`"" / ""Subtit"
c690fad82b84b40905ecaaf6aa712c7c6e47b00f	clone	consolidate	2026-09-03	"extern/ttessmartcut.cpp:1593-1599 (`parseH264SpsInfo`), :4792-4798 (`parseH264PpsInfo`), :4884-4890 (`patchH264SpsReorderFrames`) — byte-identical ""strip 3- or "
c6920682f0ae7cb4967aacc515f5e9893d3233b3	clone	consolidate	2026-09-12	"done 2026-09-13 run 3 batches A-H (lines rewritten, see git log 5924340b..8788b25f); was: another window of the #20 "".info"" fallback family (`mAvSyncOffsetMs` vs local `avOffsetMs`). | target/reach: same as #20."
c6964c1fb838bf6a983876bfc6fcfc3b4047217d	clone	deliberate	2026-09-13	common/ttsettings.h:45-71, same idiom as x9 (overlapping windows)
c6c02fa50589915c53964924723229da31d6c984	tool	consolidate	2026-09-12	done 2026-09-13 run 3 batches A-H (lines rewritten, see git log 5924340b..8788b25f); was: constructor copies the QString straight into a member with no local mutation; target: `const QString&`; reach: 1 signature.
c6e7c93f013bf8635c52b66cdea74db1f93452a7	clone	deliberate	2026-09-12	two adjacent small blocks inside one function (not read in full, but scanner metric of 50 tokens/2 sites within the same file suggests a local guard pair, not cross-cutting duplication); default to deliberate given low L
c6f75489767e6b6f9e8f9fca0d908d8545ede045	clone	consolidate	2026-09-12	done 2026-09-13 run 3 batches A-H (lines rewritten, see git log 5924340b..8788b25f); was: the diag harness `test_extra_index_rank` re-implements the same extras-ranking binary search it exists to verify; extracting the A
c7ab5e33ff156de1373e9747d7812411c6a5546e	tool	consolidate	2026-09-12	done 2026-09-13 run 3 batches A-H (lines rewritten, see git log 5924340b..8788b25f); was: `uint8_t* extradata = mFormatCtx->streams[videoStreamIndex]->codecpar->extradata;` (ttframeindexer.cpp:148) is only ever passed to
c81144b12cee0534a276b222636bded4a40cf984	clone	consolidate	2026-09-03	find_video_pid()'s PAT-scan loop (ttcut-pts-analyze.c:131-153: for-loop over TS packets, sync-byte check, PID extract, ts_payload() call, pointer_field skip) is
c8292aab909d20247910d355f20a44d12a4654b4	clone	deliberate	2026-09-04	same settings.value() load-idiom (ttsettings.cpp:586-618 vs 726-739).
c8452004da44d8863605fd01637789ecf5097661	clone	consolidate	2026-09-03	"ttcut-demux:1033-1044 (concat-repair progress loop, in repair_audio_with_silence_inserts) and 1474-1486 (whole-TS repair progress loop) both implement ""backgrou"
c89b63ef1d62f95b385c66da83f7db05e9ce6dbd	tool	consolidate	2026-09-03	ttmpeg2decoder.h:154 `TTMpeg2DecoderException(ExceptionType type)` allows implicit `ExceptionType`→exception conversion; mechanical, single-site fix.
c8ce3be4a734ace79eb8b909fec2b29a18be0a4d	clone	deliberate	2026-09-03	same StreamPoints-group `load()` block as clone x3 (630-641) above; sub-range of the same idiom.
c8e53d7c4a6f48e60980087492d31cd4ae043ca4	clone	consolidate	2026-09-13	done 2026-09-13 batch C: applyPending() for the parked language/delay of a freshly opened audio or subtitle track (613a132b)
c8ed9b7cd9f47d742f45dff3f5b3efd6bdf66f56	tool	consolidate	2026-09-13	done 2026-09-13 batch A (fc4dd533): no caller - every reader uses workingAudioOnlyFormat(); field, load() and save() stay
c9027acd14a9da9945d8adc360c100ba9ae2688c	clone	deliberate	2026-09-12	"pattern is `if (TTSettings::instance()->logXxx()) qDebug() << …` (ttframeindexer.cpp:303-306, ttessmartcut.cpp:399-403 etc.); `grep -rn ""if (TTSettings::instance()->log"" --include=*.cpp .` → 270 hits project-wide. This i"
c91c1e491019ce0853a3b1b239917e93cff285d7	clone	consolidate	2026-09-12	internal triplication inside `updateQualityUI` (gui/ttcutsettingsencoder.cpp:117-154): the MPEG-2/H.264/H.265 `case` blocks each do identical `setMinimum/setMaximum/setToolTip` calls, differing only in the numeric range 
c9614feb4789a33f319b19bd8e3a8d108b2eee50	clone	consolidate	2026-09-13	done 2026-09-13 batch C: TTAVItem::findAudioRepairOverlapping for the marker context menu and the repair dialog (613a132b)
c971a46d06fe21c7d0eca0d6a7f02fa5cee126ac	clone	consolidate	2026-09-03	same family, spans both the simple- and duplicate-fixture prologues (194-211 vs 397-458). Same underlying finding.
c97820013a454d3b31ebb1be82e3893b4560a61e	tool	consolidate	2026-09-12	evidence/target/reach: same as #194.
ca087a409fc9cd1d76f3e6940960f67c4cdc2dc8	clone	documented	2026-09-03	4 of the 5 sites (123-131) are probe_audio_props, resolved per docs/code-map/ttcut-demux.md:231-234 item 4. The 5th site, ttcut-demux:1903-1905 (`AVG_FPS=$(ffpr
ca150ed6556c091bccbec87a58e0f1b9c1b53755	clone	consolidate	2026-09-03	this is the `createActions()` method (QAction + setIcon + setStatusTip + connect, per action) repeated near-verbatim across gui/ttaudiotreeview.cpp:246-269, gui
ca18c2dd8f97fc19281d0a01b4ca91600654a4b2	clone	deliberate	2026-09-12	same three parsers' next block (resolveProjectPath + rejection warning) — same per-type parser family as #6.
caa2b661363c9eb98b408256fdc514560a9a72c3	method-size	deliberate	2026-09-03	same physical method as TTCutPreviewTask::operation above (`TTMessageLogger::getInstance()` call at line 218 inside operation(), not a distinct method).
cadd4df328981539facb3f57ae9ab4e24eb12597	tool	consolidate	2026-09-03	process_ac3_file 242 lines: open/buffer setup, frame walk and report in one function; batch E extracted only args and banner
caf5fa6b72296ee9467532ab5df3902900082b2c	include-cycle	documented	2026-09-03	common->avstream and extern->data removed 2026-09-03; remaining triangle avstream->extern->mpeg2decoder->avstream is the documented stream-owns-decoder design (code-map/INDEX.md Module dependencies; spec stream-ownership prepared)
cb0089735ef726b13d24c812f2e75f6cbf45195f	clone	consolidate	2026-09-12	"done 2026-09-13 run 3 batches A-H (lines rewritten, see git log 5924340b..8788b25f); was: another window of the "".info A/V offset"" fallback (MPEG-2 preview / H.26x preview / gui/ttcurrentframe.cpp:1117) — part of the #20"
cb6559466295d2f0bed828994628cd722156a85f	method-size	documented	2026-09-04	"frame-order.md ""Assumptions, contracts & pitfalls"" documents the send/receive EAGAIN ""pump"" as a load-bearing contract explicitly shared across decodeFrame/deco"
cc3e286018cb4be89ce84763ff240f4962a9e7a6	clone	consolidate	2026-09-03	same family boundary pattern (epilogue of one generator into prologue of the next), 359-364 vs 509-514.
cc4e311a3be6fc38925e2202e7b501231c1b9703	clone	deliberate	2026-09-13	setTabData() of three settings pages: each reads its own TTSettings keys into its own widgets; only the shape 'const TTSettings* s = instance(); widget->set(s->key())' repeats (normalised member names) - page-load idiom,
ccb3e70f861009331fa20f22e2da9e76c48afdd1	clone	deliberate	2026-09-04	`record_junk` (402-408) and `record_crc_bad` (412-419) already share the actual duplicated skeleton via `report_append()` (391-396); the doc comment at 410-411 
ccee97a38f6368fe3b1db917a01a0190fbf160e2	tool	deliberate	2026-09-12	same as #176.
cd26cdd2571850b010a996da0b0481165dc777c1	clone	consolidate	2026-09-05	done 2026-09-05 batch F (ttcut-demux helpers, e0a2d4d4): :1897-1899 (FRAME_RATE fraction parse) and :1918-1920 (AVG_FPS fraction parse) are the same parse-then-default-DEN idiom back to back in the same function.
cd39b3de6765b23c48b4bfe3e7ace5b46c4a7681	clone	deliberate	2026-09-03	common/ttsettings.cpp:636-653 — StreamPoints/Common-group `load()` key reads, same load-idiom.
cd96a03f8cf2b93d8da56fdfb0b1bf92cf08cb16	clone	consolidate	2026-09-04	"done 2026-09-04 batch D: same two ttessmartcut.cpp sites as the ""clone x3 3288-3294"" row above (probeHevcEncoderSeamSps :3288-3296, transformEncoderPacket :3658-3666), a different clone"
cd980dc7e3e8f0bdf7fb9679759a675dd5a544b2	clone	consolidate	2026-09-12	"done 2026-09-13 run 3 batches A-H (lines rewritten, see git log 5924340b..8788b25f); was: the ""find first NAL of type 7 (SPS)"" search loop that opens `parseH264SpsFromExtradata` (ttframeindexer.cpp:166-169) pairs with th"
cdb8858b591a75cb3c5c24a61714805020e95f26	convention	deliberate	2026-09-03	"avstream/ttvideoheaderlist.cpp:6 carries the ""Originally TTCut"" marker; legacy-file convention split as above."
cdcc5c1b3badb4351ce0c88415f4c57545240684	clone	consolidate	2026-09-05	"done 2026-09-05 batch F (ttcut-demux helpers, e0a2d4d4): :2417-2421 (""Recalculate AV_DRIFT_MS after repair"") and :2560-2566 (""Recalculate drift after padding"") both re-derive AUDIO_DURATION(_MS)/AV_DRIFT_MS (and the p"
ce2c9f3cdf8456e47ecbaf1b322080ae6534ff98	clone	deliberate	2026-09-03	same accessor-declaration idiom as clone x10 above (Encoder Codec-Specific group, ttsettings.h:162-190).
ce7f607be1f3a828dea1c30ce66429feee47139a	file-size	documented	2026-09-03	CLAUDE.md:202,215 documents TTNaluParser as the single native H.264/H.265 NAL parser; frame-order.md and smart-cut.md both list it as the one decode-order AU/GO
ce9edccaeb03923f60ca43967217d64a745791e5	clone	consolidate	2026-09-12	"done 2026-09-13 run 3 batches A-H (lines rewritten, see git log 5924340b..8788b25f); was: C6. All three sites carry the identical comment ""Use theme icons with Qt standard icon fallback for cross-platform support"" (gui/t"
ceafe009cbb530668650eff65e8bf9d5b3c66283	tool	deliberate	2026-09-03	same reasoning as line 191 above (`$(build_tux_timeline_args 1920 1080 25)`).
cf2289c0abc3bc883cc6f5f17c51fce472c823b4	convention	deliberate	2026-09-03	"common/ttthreadtask.cpp:23-80 uses `/** ... */` Javadoc-style method comments uniformly throughout the file; header carries ""Originally TTCut (c) 2003-2010"" (li"
cf48be7e73d21443405d4813f06afc2f595582c7	tool	deliberate	2026-09-03	overrides QWidget/QLabel's virtual `resizeEvent(QResizeEvent*)` (ttmpeg2window2.h:47) — dispatched by the Qt event system, not called directly in source, which 
cf5fe14e7c5a0ef3a3711a2d61af29630d50f5e0	clone	consolidate	2026-09-12	done 2026-09-13 run 3 batches A-H (lines rewritten, see git log 5924340b..8788b25f); was: `TTOpenAudioTask::cleanUp`/`TTOpenSubtitleTask::cleanUp`/`TTOpenVideoTask::cleanUp` all do `if(mpXType) delete; if(mpXStream==0) r
cf9c0fd0da9e42ad8f0af5f3e0dc3665d0544e4a	tool	consolidate	2026-09-05	done 2026-09-05 ttcut-demux rest pass: ENCODER is an array now, expanded quoted
cfffd35f28e7f04cf5b2fea5a76918dd603a3aa6	tool	deliberate	2026-09-03	same reasoning as line 191 above (`$(build_tux_timeline_args 720 576 25)`).
d00b343f63afa03df5898bf60171e57fd4a74278	tool	consolidate	2026-09-12	low: one ~70-line per-packet handler, gate exists (test_frameindex_dump); not a batch of run 3
d016055bf5e5e33688bc0573c80220b02fed5993	tool	consolidate	2026-09-12	evidence/target/reach: same as #149.
d076f72e788efc27d49967a4c812d9b969e210ce	clone	consolidate	2026-09-03	exact-clone (unrenamed) instance of the splice-gap block duplication — ttcut-demux:334-336, 383-385, 398-400 are token-identical, same variables.
d09c6f3e7db7a83b3fafa87d435a8a38bc6797cf	clone	deliberate	2026-09-12	C1/C9. gui/ttcutmainwindow.cpp:1015-1024 is the videoWorker's `pointsDetected`/`finished`/`aborted` connect block; :1804-1813 is the subtitleItemAppended/Updated connect pair in `onAVItemChanged` — both generic multi-con
d120e8bb2aed85c323d705795c9d62bc13f0609e	clone	deliberate	2026-09-12	`deserializeSettings`'s working-set if/else-if chain — same tag-dispatch idiom as #12, different fields per branch.
d185f0d906ccf45785504aaa766c0fc344d69140	tool	documented	2026-09-12	"detection-and-search.md's Fallstricke section discusses `onAnalyzeStreamPoints()` at length (the ""Blind bleibt, wer gar nicht erst gebaut wird"" passage): it constructs a worker per detection kind only when its preconditi"
d18e16332b6df7aafe5a1061eec188adb8e43f6e	convention	documented	2026-09-03	docs/conventions.md: older comment forms remain in place; convention findings are not rebuilt
d193520df5867f27212199bc0237f497eaa56322	method-size	consolidate	2026-09-04	"function is already self-labelled ""Step 1..5"" in comments (material gate 106-127, island detection 136-155, contrast confirmation 163-190, fine segmentation 199"
d1ccd1d1c5400744092d37f44b258a249ca4a739	tool	consolidate	2026-09-12	"done 2026-09-13 run 3 batches A-H (lines rewritten, see git log 5924340b..8788b25f); was: gui/ttcutmainwindow_headless.cpp:131-132, `if (!outDir.exists()) outDir.mkpath(""."");` discards `mkpath()`'s return value; a failur"
d2374808dc8179359d97c9545803db0f0a0a08b1	clone	deliberate	2026-09-04	tth264videoheader.h:169-181 and ttsettings.h:224-346 are both the trivial `{ return m; } / void set(...)` inline accessor idiom used project-wide (Qt property-a
d23d441ef1710c42658b25a4ba86e89111812e7b	tool	deliberate	2026-09-03	called at gui/ttcutmainwindow.cpp:2738 and :2799 — same cross-file visibility gap.
d23e53144341ee37ed80cd8ae42e7329a8169274	tool	consolidate	2026-09-12	done 2026-09-13 run 3 batches A-H (lines rewritten, see git log 5924340b..8788b25f); was: same pattern at gui/ttcutmainwindow.cpp:2553-2556 (`onLogoROISelected`'s copy of the C11 block). | target: same as above. | reach:
d26f9992c6f7b096ba2e238755877fd5df3cdd0e	tool	consolidate	2026-09-12	plain private cleanup helper, not a slot; target: add `static`; reach: 1 declaration + definition.
d27272d9e893a1e41291f2bb7424dc50048ab902	method-size	deliberate	2026-09-03	"verified this is one 367-line method (the `QFile::remove`/`TTMessageLogger::getInstance` ""method names"" in the rows below are calls inside this same function at"
d2e07aa9b4e2b4f9aa41ec90739cd3d81b891625	clone	documented	2026-09-12	"the code carries the comment ""KNOWN DIVERGENCE: unlike the consolidated paths (buildVideoKeepList), this build applies NO extra-frame correction — deliberately left as-is … see docs/code-map/audio-cut-timing.md, redundan"
d35b5695f6a9c6e7571882464446c37aeff7898d	clone	deliberate	2026-09-13	connect() list of the navigation constructor, re-fingerprinted after batch D removed the search connects (was clone x17/x15 ttcutframenavigation.cpp:139-150, deliberate: one connect per button-slot pair, pointer-style wi
d37f7cd39bdfd2bf81c5135f8f93d2bcd6c02251	upward-include	documented	2026-09-03	see include-cycle row: avstream->extern is the documented stream-owns-decoder edge
d3b83d9fd4ab6986d57f5b0560adfe87055b601b	clone	consolidate	2026-09-04	onSearchBlackFrame/onSearchSceneChange/onSelectLogoROI wiring blocks (ttcutmainwindow.cpp:2290-2328, 2370-2408, 2651-2689) plus their paired onAbortXSearch/onXS
d3c7d1efe33783c9c7211164b96681292aa58f6a	clone	deliberate	2026-09-13	ttcutframenavigation.cpp:149-162 and ttcuttreeview.cpp:123-135, connect(pbX, clicked, this, onX) lists of two unrelated widgets; same wiring idiom.
d3d80cb71cbaaa9956f35edae373750bb7430e5b	convention	documented	2026-09-12	"docs/conventions.md's `cpp/class_prefix` rule states verbatim: ""Exception: pure interfaces carry an `I` prefix (`IStatusReporter`, `IMuxProvider`, `ITTMpvBackend`)"" — `ITTMpvBackend` is named as the example exception, no"
d49588db200bf9bd384adb81c3b4f8ec1eb0516f	clone	deliberate	2026-09-04	inline getter+setter-declaration idiom (ttsettings.h:224-292), header counterpart of the same class-wide accessor idiom (also confirmed cross-module in row 1).
d4ff38ebd6c8fb28c62aeccdf97630fbc92383a5	tool	consolidate	2026-09-12	plain private helper, not a slot, operates only on its `QFileInfo` parameter; target: add `static`; reach: 1 declaration + definition.
d53d08fd23324afa2daaaa088a66ac04d2515440	clone	consolidate	2026-09-12	done 2026-09-13 run 3 batches A-H (lines rewritten, see git log 5924340b..8788b25f); was: `TTAudioRepairItem` rebuild loop appears twice in `TTAVItem` (once with `newTrack`, once with `track`) with identical body. | targ
d5e45c76aafffbb8c32bedf3d6e1f9c3dfb14c57	clone	deliberate	2026-09-12	"C1, aspectTask/anomalyTask wiring (overlapping window of the ""1048-1061"" row)."
d5e901085e34eb4f4e3737696d4e0c116d2d5c7d	tool	consolidate	2026-09-12	done 2026-09-13 run 3 batches A-H (lines rewritten, see git log 5924340b..8788b25f); was: every construction site in the repo is `new TTAVItem(vStream)`/`new TTAVItem(nullptr)` (verified by repo-wide grep) — no code reli
d637d7f19e06a2d1731bbbd05e546c78999a54cb	tool	consolidate	2026-09-12	done 2026-09-13 run 3 batches A-H (lines rewritten, see git log 5924340b..8788b25f); was: measured 15 of ~19 `QWidget`/`QDialog`-derived classes under gui/ mark their single-`QWidget* parent`-argument constructor `explic
d63f4ed482ce136ab6576873bdfbc60d69f548b1	convention	consolidate	2026-09-03	extern/ttencodeparameter.h:55-66 — `aviFInfo`, `mpeg2FInfo`, `vWidth`, `vHeight`, `vFPS`, `vAspectCode`, `vBitrate`, `vMaxBitrate`, `vInterlaced`, `vTopFieldFir
d6802f8510baa6c216965507c7318610fdb8c0e3	clone	deliberate	2026-09-04	early-out setter idiom (ttsettings.cpp:133-550).
d6b442e8eb15b0ec41f438698619e7afdfaced55	clone	documented	2026-09-12	"detection-and-search.md: ""seit dem Audit 2026-09-04 liefert TTSearchTask::establishStartPosition() auch den Prolog... sodass die drei operation() nur noch ihren Anfangszustand und das Urteil je Batch als Lambda stellen."""
d6b881bf1fb0dbc304f7bd37c3a02de3cadeda06	method-size	consolidate	2026-09-05	done 2026-09-05 batch E2 (CutSession + five steps, 717fcf5a): the single packet loop inlines 4 distinct responsibilities: repair-substitution (:364-408), lazy AC3 decoder/encoder setup (:411-471), decode→resample→re-encode
d7043ae840c1c57188b6c0d66791bc0b5460d4bc	convention	deliberate	2026-09-04	comment style, no structure; older forms remain in place per conventions.md
d709fd84b54a916bd5da700c2fb4690840698341	clone	deliberate	2026-09-13	ttcutmainwindow_headless.cpp:208-225 vs :227-242: findChild, name list, captureEachPage(...) — captureEachPage() is the shared helper (026aa9fb); what remains is per-dialog configuration of the screenshot harness.
d7260a82c6e6c0d470d2872245ea3b6dbfd2bfa0	clone	deliberate	2026-09-12	both sides are the standard `avformat_open_input(...) < 0 → warningMsg(...); return` guard (`TTDisplayOrderMap::buildFromFile`, ttdisplayordermap.cpp:249-254, vs `TTStreamPointAudioWorker`, data/ttstreampoint_audioworker
d74bc0b733ad5940f72bbcae3aa5e7f2899c194c	clone	consolidate	2026-09-03	gui/ttaudiotreeview.cpp:131-228 vs gui/ttsubtitletreeview.cpp:122-221 — covers onAppendItem's per-item QTreeWidgetItem/QSpinBox-delay construction, again identi
d7782710e04f93651736964ba3b1eb8ea9daec1c	clone	documented	2026-09-12	same all-tracks/explicit-tracks `cutAudioTracks` overload pair as #16.
d794d608e606413b4ab7321161e74f4ccf9ad3c4	clone	consolidate	2026-09-03	same family in the duplicate-fixture block (383-516); overlapping window of the clone at 386-397 above.
d79b53d274e158c01a3c3c13fcb36e06e74c2de8	clone	deliberate	2026-09-12	`TTAVItem`'s per-type `onAudioDelayChanged`/`onSubtitleXxx` slot names vs `TTTrackTreeView`'s already-generic `removeItem`/`swapItems`/`languageChanged`/`delayChanged` — the GUI layer already shares one generic base for 
d7b0bbb1d013999db88eb37ff44ba2586b966bc9	clone	consolidate	2026-09-12	done 2026-09-13 run 3 batches A-H (lines rewritten, see git log 5924340b..8788b25f); was: part of the isFrameBlack border-mask/step-2 duplication — see Part 2 below for full analysis and target.
d7b1870f7282677a9fb74ff8faebe3c233441a23	tool	consolidate	2026-09-03	process_ac3_file 242 lines: open/buffer setup, frame walk and report in one function; batch E extracted only args and banner
d870a8aca5a63eff495fbdf2131a066c7b0b845b	clone	consolidate	2026-09-12	done 2026-09-13 run 3 batches A-H (lines rewritten, see git log 5924340b..8788b25f); was: inside `updateProfileList` (gui/ttcutsettingsencoder.cpp:86-108) — the H.264 `case 1` and H.265 `case 2` blocks are the same `cbPr
d873b4b0bd11eb7186639e17e21948acb89cd99f	clone	deliberate	2026-09-13	ttcutframenavigation.cpp:176-198 (controlEnabled, 20 setEnabled calls) vs ttcuttreeview.cpp:141-152 (9 calls) — each names a distinct widget of its class.
d8a9c274ef02fe1833b435d980de105f6955598c	convention	deliberate	2026-09-04	comment style, no structure; older forms remain in place per conventions.md
d8ae16b61b3daadeaeb0e9b3f5ba59759c3e12f0	clone	deliberate	2026-09-12	two of three sites (1928 H.26x pool-start, 2543 audio-only pool-start) are the deliberate per-output-type dispatch mirror from #3; the third (gui/ttcutmainwindow.cpp:1664, closeProject-style disconnects) is an unrelated 
d8f772d053de33e6498f01c20d2adf0b04943c77	convention	deliberate	2026-09-03	members `mpeg2Stream`, `mpeg2Decoder`, `streamBuffer`, `decoderBuffer` (ttmpeg2decoder.h:126-134) carry no `m` prefix — original-TTCut naming, consistent throug
d8fb5d85512719b818e0f386e0e126804c947ced	convention	deliberate	2026-09-03	make_acmod_change_sample.sh:19 `set -e` guards a straight-line ffmpeg fixture-generation pipeline with no exit-code inspection (no `|| true`/`$?` anywhere) — fa
d970f04ed1cf4bb18fb22bd5710a9b42fadb5bdc	clone	consolidate	2026-09-13	done 2026-09-13 batch D: wireSearch/startSearch/setSearchRunning for the black, scene and logo trio (91dba022)
d9aa493d28f9364ed60f5cca89230ed21c74f829	clone	documented	2026-09-13	data/ttframesearchtask.cpp:106-107 and mpeg2window/ttmpeg2window2.cpp:376-377 both call wrapper->adoptOrBuildFrameIndex(h26x ? h26x->frameIndexBundle() : TTFrameIndexBundle(), path, …). docs/code-map/detection-and-search
d9b5bd9251467d0c9f579347edd7ddee58c5b4f1	clone	deliberate	2026-09-04	same family (test_h26xcut_abort.cpp mirrors test_audioonlycut_abort.cpp's abort-assertion block); harness isolation.
d9e01a415cfc3b4c348c0237c141558a20734040	tool	deliberate	2026-09-12	same as size finding above.
d9e45bceee7382ddf771658d266856647f96987c	tool	deliberate	2026-09-13	QString markadLogoPath() const; (data/ttlogodetector.h:48). Run 2/3 precedent: QString getters returned by value are deliberate.
da17a9891ba41a30453497137e4f54012cc3936a	tool	deliberate	2026-09-12	gui/ttcutmain.cpp:60-248 is a linear, sequential Qt application bootstrap (install message handler, install libav log callback, construct QApplication, locale, argument parsing, headless-mode dispatch) — the standard sha
da1a4d6fba43f1a9e02184c2d369d2e5e10f88e2	tool	deliberate	2026-09-03	called at gui/ttcurrentframe.cpp:584 (itself called from gui/ttcutmainwindow.cpp:661) — same cross-file visibility gap.
da20ab25f22321937dca1237b86a02f739010f75	tool	deliberate	2026-09-12	gui/ttcutmainwindow_headless.cpp:113-260+ is a long but single-purpose, linearly enumerated sequence of documentation-screenshot captures (main window, frames, nav panel, cut list, controls, Landezonen, Zeitsprung dialog
da8e90c63540e0cbafa9e39abd6ce382614d48f8	tool	deliberate	2026-09-12	both loops are max-reductions; std::accumulate is the wrong algorithm, std::max_element on a derived quantity reads no better (run-2 precedent)
da95da5024422606b5b4908892a005285913b768	clone	deliberate	2026-09-04	superset of row 6/8/10's `Event`/`Recorder`/`dirEntries`/`clearDir`/`stateName` block, shared with test_mpeg2cut_abort.cpp; same class verdict.
dacb5c85e22e9fd6844c72bfc62d01bca2f800f8	clone	documented	2026-09-12	shared `operation()` prologue (`QElapsedTimer t; t.start(); int pos = establishStartPosition(); if (pos < 0) return;`) — exactly the prolog `establishStartPosition()` was built to hold per detection-and-search.md; the fo
daf5345b5fc0f701aebf001fac8014b9f2654620	clone	consolidate	2026-09-04	done 2026-09-04 batch D: TTAudioCutter::detectBurst's RMS accumulation (extern/ttaudiocutter.cpp:816-865) repeats the same per-channel loop three times for FLT/FLTP, S16/S16P, S32/S32P,
db78f646d689c0753d4240fa21d18510248b6112	clone	consolidate	2026-09-12	done 2026-09-13 run 3 batches A-H (lines rewritten, see git log 5924340b..8788b25f); was: fourth site of the .info frame-rate fallback; done 2026-09-13 batch B (TTESInfo::timingForVideo, 9191a46a)
db957e534d1e47ad61d6f67c21f9c0eecb520e72	tool	deliberate	2026-09-04	"the loop at :2242-2246 reads `g_start g_end g_ms` from $GAP_FILE but appends `""$g_start $g_end 0""`; the German comment directly above (:2238-2240, ""nur seinen S"
dc1aee3bcdc3b69fa5491db9094f8d16bfd3403f	convention	deliberate	2026-09-03	"avstream/ttavtypes.h:6 carries the ""Originally TTCut (c) 2003-2010"" marker — same legacy-file split as ttavstream.cpp above."
dc7af584979221cee895c716a860073fa7399e6b	convention	deliberate	2026-09-03	"avstream/ttmpeg2videoheader.h:6 carries the ""Originally TTCut"" marker; legacy-file convention split as above."
dca3f9ed098e42a3036c1d6a885764259a041985	tool	deliberate	2026-09-03	called at gui/ttcurrentframe.cpp:887 — same cross-file visibility gap.
dcb6209548463abb66e50b516f85eb38d295ae66	clone	consolidate	2026-09-12	"done 2026-09-13 run 3 batches A-H (lines rewritten, see git log 5924340b..8788b25f); was: C5, part of the same profile/preset-population family as the ""327-337"" row (encoderdefaults' own H.264 vs H.265 populate blocks pl"
dcc63cbb9c8e1ef7b8dc090c64474b248759ae9f	tool	deliberate	2026-09-12	same as #210.
dcd930172945799c7f299abad6681d9031f584ac	convention	deliberate	2026-09-03	make_anomaly_sample.sh:13 `set -e`, same straight-line fixture-generation shape as make_acmod_change_sample.sh (no rc-capturing anywhere in the file).
dd01323531bb512614321bc22f127bd042317b5b	tool	consolidate	2026-09-12	done 2026-09-13 run 3 batches A-H (lines rewritten, see git log 5924340b..8788b25f); was: evidence/target/reach: mechanical, 1 line.
dd26d3013302f9a11c74f1f64473088287ef2a20	clone	consolidate	2026-09-12	"identical ""delete stale `preview*` files in tempDir"" loop in the task's setup and in `gui/ttcutpreview.cpp`'s regenerate path (only the local variable name differs). | target: `removeOldPreviewFiles()` helper (pure clean"
dd3200c7f54213195bebc025b6e048463618b256	tool	consolidate	2026-09-05	"done 2026-09-05 batch F (ttcut-demux helpers, e0a2d4d4): :1762-1763 `wait ""${AUDIO_PIDS[$i]}""` / `if [ $? -ne 0 ]; then` — mechanical, shellcheck is right, low-risk rewrite to `if ! wait ""${AUDIO_PIDS[$i]}""; then`."
dd4089e8aca0d6fee4ea33370d4786af338331dd	tool	consolidate	2026-09-12	evidence/target/reach: same finding as #132.
dd5f4a5ba479119ca05d9887774e8d39e8f4e82f	clone	consolidate	2026-09-03	"same underlying ""find NAL end"" scan as the row above, detected at a 1-line-shifted window and substituting site :2010-2018 (inside `patchFrameNumInAU`'s rewrite"
ddbabec22038d51e2c6cce7511add4bc4b56262f	clone	consolidate	2026-09-12	"done 2026-09-13 run 3 batches A-H (lines rewritten, see git log 5924340b..8788b25f); was: `importBtn`/`okBtn`/`setEscapeButton` + verbatim comment (""Two AcceptRole buttons leave QMessageBox without an escape button…"") re"
ddbc42414fdf1ae2fa5679f84a785f5b87427979	clone	consolidate	2026-09-03	"ttcut-demux:1559-1563 (FIRST_I_PTS probe) and 1574-1578 (B_FRAME_COUNT probe) both run `ffprobe -select_streams v:0 -read_intervals ""%+N"" -show_entries frame=pt"
de106d0b533bf7bb81929d9a3c3c8d02c7b669bc	tool	consolidate	2026-09-05	"done 2026-09-05 batch F (ttcut-demux helpers, e0a2d4d4): `numfmt --to=iec $VIDEO_SIZE` at :1752 is unquoted; mechanical fix to `""$VIDEO_SIZE""`."
de5e6fba72ea5a12c14c99f7a808be4bbaf1068f	clone	consolidate	2026-09-12	done 2026-09-13 run 3 batches A-H (lines rewritten, see git log 5924340b..8788b25f); was: C5. gui/ttcutsettingssearch.cpp:13-18 defines its OWN static `kPreviewPresets[]` array (ultrafast…veryslow, 9 entries) that is the
de8a36e6e93f8f4976c0a16cdc90e6f665b6919c	tool	deliberate	2026-09-12	"same runDirectedSearch Step-lambda contract as above (""return batch[i] on first true, else -1"") — the current explicit loop is already the shortest correct expression of that contract."
de9e0af2ec3b5d6697f9ec9072cec28cdf51b6b9	tool	consolidate	2026-09-12	audio-cut-timing.md documents this function's MPEG-2-parser-vs-.info precedence logic in detail — a nameable target is splitting the MPEG-2 branch from the H.26x/.info branch into two named helpers; reach: one function i
dece28c99359e5a11fffb171a90c8e80f925a74f	tool	consolidate	2026-09-05	"done 2026-09-05 batch F (ttcut-demux helpers, e0a2d4d4): `[ -s ""$OUTPUT_SUB"" ] && SUBTITLE_FILES+=(""$OUTPUT_SUB"") || rm -f ""$OUTPUT_SUB""` at :2667 — array-append essentially can't fail, but the mechanical fix (`if [ -"
df3c3e06d85603246c3b4c37f92a4d01a929eebb	convention	deliberate	2026-09-12	"`xmlFileInfo`/`xmlDocument`/`xmlRoot`/`xmlNodeList` (lines 83-86) are original, un-reworked class members; conventions.md: ""Legacy headers without a prefix are renamed when the class is reworked … not in bulk"", listing t"
df48488c827def541069b4060ceb98d47bfc513b	clone	deliberate	2026-09-12	per-type parser family, same as #6.
df87013c46adbf0e4bcffa58309fb8973b0d61c0	clone	deliberate	2026-09-13	"data/ttstreampoint.cpp:71-74 vs 76-79 — both halves of the same if (str == ""X"") return Type::X; ladder inside the single function stringToType (mirrors typeToString's switch). A string<->enum mapping table is inherently "
dfde0002e34a91e35fb83efb8c4cccb8aea1fa1f	clone	consolidate	2026-09-12	done 2026-09-13 run 3 batches A-H (lines rewritten, see git log 5924340b..8788b25f); was: `isFrameBlack` (901-963) and `buildHistogram` (1015-1077) each do seekToFrame → `while (mDecoderFrameIndex < frameIndex) { isCance
dfeae9eaf37a54d56d86289c7495b1108c81b7e0	clone	deliberate	2026-09-12	coincidental shape (stream-point-widget connect fragment vs muxer ctor tail).
e01a30e063016fe10ed27890b6061a5eb312aa54	tool	consolidate	2026-09-12	same as the previous two rows (duplicate clang-tidy finding for the same function). | target/reach: same.
e0247a3f97ed3b1edfdb6991a29413565bf86a02	tool	consolidate	2026-09-03	ttmpeg2window2.h:45 `TTMPEG2Window2( QWidget* parent=0 );` — single-argument, non-explicit; mechanical fix, no call site relies on implicit conversion (no `TTMP
e063d14d96aa0c64096490b61edc3a558face623	clone	deliberate	2026-09-04	data/ttstreampoint.cpp:52-59 is `TTStreamPoint::typeToString`, a switch over `StreamPointType` (production marker API). The 4 diag sites (test_audioonlycut_abor
e07c19eda5f2271b0f6218e66496b0190c010d3d	tool	deliberate	2026-09-12	same as above.
e09eba889c452a60667b850105d2c5650a3b5860	clone	deliberate	2026-09-12	same early-out setter idiom, 17 sites (e.g. ttsettings.cpp:66-72 `setStepSliderClick`, :100-104 `setStepPgUpDown`); documented convention, see clone x13.
e0b66b28d2039bb75100d8c7fb4ad60170e6064c	tool	consolidate	2026-09-03	in ts_payload(), for afc==0x01 hdr_len is the fixed 4 (payload_len=184); for afc==0x03, hdr_len=5+pkt[4] is guarded by `if (hdr_len >= TS_PACKET_SIZE) return NU
e0e41a7da06d1d17c5ba266e053b9838aa23badb	tool	deliberate	2026-09-03	"same function and same rationale as ""method-size TTFFmpegWrapper::cutAudioStream"" above (audio-cut-timing.md single-pass design) — the tool is right about the s"
e16dab37b6e8073dcbee46c13dfa0053587a21a7	clone	deliberate	2026-09-12	C1, aspectTask vs anomalyTask finished/aborted wiring.
e16fb474cb12ce40fd90ad31c96fb5a69ac0b5a0	clone	deliberate	2026-09-12	coincidental 4-line connect/setter shape across unrelated classes.
e1c906c3e6689df40df92261b04545fdb9b65d5e	tool	consolidate	2026-09-13	done 2026-09-13 batch D: the slot is gone - the three threshold setters are lambdas passed to TTCutFrameNavigation::wireSearch (91dba022)
e2314a82c43d34a7afc3bde7aa49403336a74df7	clone	documented	2026-09-13	ttcutsettingssearch.cpp:31-42 vs ttcutsettingsstreampoints.cpp:46-67, same settings-page contract (settings-state.md).
e276cf5630d5069f8a83585e5d05166957bbb37d	convention	deliberate	2026-09-04	comment style, no structure; older forms remain in place per conventions.md
e2b67feac66d07229a0823aad0732f021d8ee8be	clone	consolidate	2026-09-12	"""Bildstörungen""/""Audio corruption"" cluster-description loops — part of the #33 cluster-building family. | target/reach: same as #33."
e2d9c12c05dd8f37a279fc8d774a1e710f649d52	clone	deliberate	2026-09-13	TTSettings getter/setter/early-out idiom, re-fingerprinted after batch A removed audioOnlyFormat(); settings-state.md documents the 76 plain App-Default fields, run-5 classifier ruled the class deliberate
e3135386970b1407c75f198af692f3415dc665b0	clone	consolidate	2026-09-03	same cache-check prologue as the wider family, shared by generate_h264_1080i_paff (251-258), generate_mpeg2_576i_fieldpic (328-335 window), generate_mpeg2_576i_
e332a5054ddfdc1166472f865273c8ec1f502468	convention	deliberate	2026-09-03	"file carries ""/* Originally TTCut (c) 2003-2010 B. Altendorf / TriTime */"" (avstream/ttavstream.cpp:6) and uses `//` prose comments throughout (avstream/ttavstr"
e35d730a76d5b1e525f9e1ec06d48217c79b4619	clone	deliberate	2026-09-04	both are the standard `while IFS= read -r -d '' x; do ...; done < <(find ... -print0 | sort -z)` null-safe enumeration idiom, over different inputs (VDR segment
e36730063cc4eb836923aa69a4029d039695343b	tool	consolidate	2026-09-05	"done 2026-09-05 batch F (ttcut-demux helpers, e0a2d4d4): `wait ${PAD_PIDS[$i]}` at :2526 is unquoted; mechanical fix to `wait ""${PAD_PIDS[$i]}""`."
e3c3064d9814f651fc47e5c77b1bfe24a2c194fc	tool	consolidate	2026-09-12	done 2026-09-13 run 3 batches A-H (lines rewritten, see git log 5924340b..8788b25f); was: `TTAVItem* item = mpAVList.takeLast(); delete item; item = 0;` inside a `while` loop — the `item = 0;` assignment is dead (the var
e41ee366a27682fb78131a0b8f8614607c33ec1f	clone	documented	2026-09-13	mainwindow.cpp:2307-2318 vs :2342-2351, onAbort*/on*SearchFinished one-liners into mpRunningSearch->onUserAbort() / finishDirectedSearch() (026aa9fb).
e424c6a4a9768e4ed392907091c2d72f26f4218b	tool	deliberate	2026-09-12	QString/value bundle getters return by value like the project majority; implicitly shared (run-2 precedent lastError())
e43af1ad4f65dd8be81f90684bcb3a908563bb2e	tool	consolidate	2026-09-12	done 2026-09-13 run 3 batches A-H (lines rewritten, see git log 5924340b..8788b25f); was: `TFrameInfo* fi = refDecoder->getFrameInfo();` then only `refInfo = *fi;` (line 70), read-only.
e4c4473a3326f4080ba4cad22ce90e8c626df44b	tool	consolidate	2026-09-12	done 2026-09-13 run 3 batches A-H (lines rewritten, see git log 5924340b..8788b25f); was: gui/ttcutmainwindow.cpp:815 / gui/ttcutmainwindow.h:79, `void onReadVideoStream(QString fName)` copies the `QString` on every call
e54bfe3c5a180d9bc39235277bc7ec16f27d7396	clone	deliberate	2026-09-12	`[DRIFT]` debug logging in `planAudioCut` vs HEVC-seam debug logging in `extern/ttessmartcut.cpp` — unrelated subsystems, coincidental `if(logX()) qDebug()…` idiom match.
e5cd7722fc5370617d36a246f3cda8037a44e95a	clone	consolidate	2026-09-12	"done 2026-09-13 run 3 batches A-H (lines rewritten, see git log 5924340b..8788b25f); was: matches Part 2 finding A3 (stream-open-project-load.md redundancy candidate ""headless wait for the project"") — confirmed identical"
e608b7c6dc60f00c38f3ce4ca92aefa648068d29	tool	consolidate	2026-09-12	done 2026-09-13 run 3 batches A-H (lines rewritten, see git log 5924340b..8788b25f); was: same pattern at gui/ttcutmainwindow.cpp:2271-2273 (inside `onSearchBlackFrame`, part of the C2 cluster). | target: `const TTFFmpeg
e624869caa9930991a7ae4d198bb9a007b970494	clone	consolidate	2026-09-12	done 2026-09-13 run 3 batches A-H (lines rewritten, see git log 5924340b..8788b25f); was: the EOF-drain block (`avcodec_send_packet(ctx,nullptr); if (avcodec_receive_frame(...)==0){decoded/gotFrame=true; mDecoderDrained=
e6a97211edff53389396e47cb33551509567a34f	clone	deliberate	2026-09-12	`parseAudioSection`/`parseSubtitleSection` — per-type parser family, same as #6/#27.
e6d2d273ff8405e3d49f6ec5a8c4a27e8bccb651	clone	consolidate	2026-09-12	"done 2026-09-13 run 3 batches A-H (lines rewritten, see git log 5924340b..8788b25f); was: C5, same populateMuxTarget/populateMpgTarget 9-item list duplication as the ""327-337"" row (wider window). | target/reach: same as "
e6f3da6339ad1c328a83725ebd7e60823f9214a8	tool	consolidate	2026-09-12	done 2026-09-13 run 3 batches A-H (lines rewritten, see git log 5924340b..8788b25f); was: same function; only compared via `chosen == actRepair`. | target: `const QAction* actRepair = nullptr;` | reach: single local vari
e74c9d795bd1e2d18e04afa8a94df6d514be75ef	convention	deliberate	2026-09-04	file logs through log-> throughout; internally consistent (conventions.md, 2026-09-04)
e754d3c50dc0eed27b3d77451c12e894a634c35e	clone	deliberate	2026-09-12	tag if/else-if idiom, same family as #12.
e76f48ee7c7415e5e8846790108bcae99e8f1e96	tool	consolidate	2026-09-12	done 2026-09-13 run 3 batches A-H (lines rewritten, see git log 5924340b..8788b25f); was: gui/ttcutsettingsencoder.cpp:214-236 (`loadCodecSettings`), `s` is only used through getters in the switch. | target: `const TTSet
e78096d32abdd92b05741c0f9055e22179d9cfee	clone	deliberate	2026-09-13	mainwindow.cpp:223-233 vs ttcutpreview.cpp:82-94, ttThemedIcon()+connect() lists of a different dialog's own buttons.
e7e38860b27fd365c3a4aaa91f1e8ab91e898d3e	clone	deliberate	2026-09-04	gate_audiofix.sh:412-424 builds a `<Cut>`-bearing project heredoc inline (line ~424 has a `<Cut>` element after the audio block) that `write_ttcut_project()` (m
e8112967f91c32e960b10d453dc42107b129c81a	tool	consolidate	2026-09-12	done 2026-09-13 run 3 batches A-H (lines rewritten, see git log 5924340b..8788b25f); was: `(TTSubtitleStream*) mpSubtitleType->createSubtitleStream()`; target: `static_cast<TTSubtitleStream*>(...)`; reach: 1 line.
e835924ee03b3089c98986b00b54884edd873838	clone	deliberate	2026-09-03	data/ttavdata.cpp:91-96/96-101 (mpAVList/mpCutList connect wiring) and gui/ttcutpreview.cpp:87-91, gui/ttgotoframedialog.cpp:98-104, gui/ttquickjumpdialog.cpp:1
e85b6c0397efe68c4c695489937557c1170faa31	convention	deliberate	2026-09-03	"gate_ffmpeg_edge_packets.sh:31 `set -euo pipefail`; sources a per-run temp function file (`. ""$WORK/fn.sh""`, line 47) rather than accumulating rc's inline — sam"
e8d5ee96b193096eed03576dd072ecbc7db8ed3a	clone	consolidate	2026-09-03	overlapping window of the same createActions() duplication (audiotreeview/subtitletreeview/videotreeview slice, without cuttreeview). Same finding, same target.
e8d9380ae374a150367654a43dd48a6d95f39b21	tool	deliberate	2026-09-03	"called at gui/ttcurrentframe.cpp:483; the ""keyframe-fast"" vs. plain showFrameAt split is itself explained/documented in ttmpeg2window2.h:62-65 (slider-drag prev"
e987690aa34fb046021bccf32f4017c622666eb0	clone	consolidate	2026-09-05	done 2026-09-05 batch E3 (TTAbortableTask, 717fcf5a): data/ttaudioonlycuttask.cpp:76-115 (cleanUp/abortCleanup/abortNow), data/tth26xcuttask.cpp:90-136, data/ttmuxtask.cpp:80-129 — identical bodies bar class name
e9b5b37254d2714c8a0bbe5f5de87842ed23b867	clone	consolidate	2026-09-12	done 2026-09-13 run 3 batches A-H (lines rewritten, see git log 5924340b..8788b25f); was: `TTFrameIndexer::parseH264SpsFromExtradata` (ttframeindexer.cpp:162-215, the high-profile scaling-list skip down to `log2_max_fram
e9cca98c4a5b93bd0d3b954c12ec00fb27aa2aba	tool	consolidate	2026-09-12	"stream-open-project-load.md documents this handler's exact internal step order (""setVideoStream → .info re-read → loadExtraFrameIndices → defect dialog … → mpAVList->append → setInitialAudioLoadDone() → VDR pairs …""); th"
e9f99d89abb86d7d9122a434157c73e0fedea0d9	clone	deliberate	2026-09-13	same inspection as above (data/ttavdata.cpp:89-105) — another window over the same connect()-sequence idiom (mpCutList/mpMarkerList wiring). Idiom, one verdict for the class.
ea1d547c5ab1f4c53c1a26f4823c8c1823f721ef	clone	deliberate	2026-09-12	ttsettings.cpp:675-679 (Preview group) vs :682-685 (Search group) — same `beginGroup`/`value`/`endGroup` idiom as above.
ea23894be174cfe206ff3068a425dac514b32b70	clone	deliberate	2026-09-12	3-line prologue of two different regenerate paths
ea2a29ecde66898a2d99aa36faf475e1e4ae6fc7	method-size	consolidate	2026-09-04	five nameable, already comment-labelled responsibility groups in one 212-line function: gather sources (data/ttavdata.cpp:550-574), cluster pass 1 doubled-PTS (
ea484c46df35da20338d65868b605c9a0e109bee	clone	deliberate	2026-09-12	C4, setTabData/getTabData tail vs an unrelated settings page's saveTabData tail — coincidental getter/setter shape.
ea6f9a32e942fbb099be46152262359fb0c4cb8f	tool	deliberate	2026-09-03	ttcut-audiofix.c:425-483 is one tightly-coupled resync/parsing state machine (`pos`, `have_baseline`, `baseline` all interdependent, heavily commented at :409-4
eb0af8d9258d0e740b73bffe06c74b8fc5191a34	clone	consolidate	2026-09-03	generate_mpeg2_576i_fieldpic (326-344) vs generate_mpeg2_576i_fieldpic_duplicate (474-492) are near-identical modulo BASE/SRC names and the pal-generator they f
eb654cb31e92de16cb12e308d781ce6c1e900dd1	tool	consolidate	2026-09-12	done 2026-09-13 run 3 batches A-H (lines rewritten, see git log 5924340b..8788b25f); was: mechanical const-correctness; target: declare parameter `const TTAVItem*`; reach: 1 signature + call sites, no behavior change.
eb6e98661ff494f834b452b589995abd0ab34546	tool	deliberate	2026-09-12	QString/value bundle getters return by value like the project majority; implicitly shared (run-2 precedent lastError())
ebe6937ce80c90dd3f7722676bdf7b63942458b8	clone	deliberate	2026-09-12	`TTAVItem`/`TTCutProjectData` destructors, member-delete idiom, same as #70.
ec1e098ab263e43e1d47e373c58ab5f55ac5e044	clone	consolidate	2026-09-12	done 2026-09-13 batch E: ttFramePositionText() for TTCurrentFrame and TTCutOutFrame (3504eb3e)
ec7aa2c380553888d6802accd2b6a764d968441c	clone	deliberate	2026-09-12	ttsettings.cpp:382-398 (`setQuickJumpIntervalSec`..`setScreenshotProject`) vs :514-521 (`setExtraFrameClusterGapSec`/`setExtraFrameClusterOffsetSec` + comment header) — both are early-out setter runs, no shared field log
eca3a1d37b51ae23e8606646d53977c55f0d1670	tool	deliberate	2026-09-12	QString/value bundle getters return by value like the project majority; implicitly shared (run-2 precedent lastError())
eca80c10738ab2eeaf0d8afe803344cce5548e1b	clone	documented	2026-09-03	"docs/code-map/ttcut-demux.md:231-234, ""Redundancy / consolidation candidates — ALL RESOLVED 2026-07-12"", item 4: ""Audio property probing → probe_audio_props (AP"
ecb8576ea6de205bd0e37c718ae5f5077f50c041	clone	consolidate	2026-09-05	done 2026-09-05 batch F (ttcut-demux helpers, e0a2d4d4): :1444 (audio-track first PTS) and :2677-2678 (subtitle PTS0) both re-implement the exact `ffprobe -show_entries packet=pts_time -of csv=p=0 FILE | head -1 | tr 
ecbfb6ea7b9582b4ac60c4b716ceafef3f570b07	clone	deliberate	2026-09-12	C7, treeview ctor tail (header/column setup), residual per-view differences on an already-shared base.
ece69955946f7c123f693df45400441174ec4382	tool	consolidate	2026-09-12	same reasoning as #139 — stream-open-project-load.md documents `openAVStreams`'s phases (video discovery → audio discovery+pending maps → subtitle discovery+pending maps → `.info` read → VDR marks → defect-dialog marking
ed5beb4710b5c61d5d04c8e0b9e2c80cb8720dbd	clone	consolidate	2026-09-03	TTAudioTreeView::createActions() (gui/ttaudiotreeview.cpp:246-269), TTCutTreeView::createActions() (gui/ttcuttreeview.cpp:819-843), TTSubtitleTreeView::createAc
ed9958eae8c51b7ebfb3d9773242b2603d6e8b0d	clone	deliberate	2026-09-13	same block, overlapping window; same connect idiom, 45 sites
edea0280a458f6e662c3166104bd86639d5fa81d	convention	consolidate	2026-09-03	extern/tttranscode.h:48-49 — private members `log`, `enc_par` have no prefix while `mEncoder` (same private section, same class) does — genuine within-class leg
edf7e32245aeded70986059f7a0208b4c490bd82	convention	documented	2026-09-03	"common/ttexception.cpp:31-37, `log->fatalMsg(caller, line, msg)` in the 3-arg constructor, is explicitly cited by docs/code-map/smart-cut.md:133 (""the `(file, l"
ee1bd17afaa4240d403d4a2c0cd00cdeb2e609a4	tool	deliberate	2026-09-12	same as #176.
ee21b1ac751eb59565e05f3bc1943cfc9e475888	clone	deliberate	2026-09-04	same-file self-clone; each block (lines 30-93+) sets up `TTMemoryCalibrationStore`/`TTProgressEstimator` for a distinct calibration scenario (cold-start, calibr
ee2f831244162fd28a3ae4624df35efe6ed9c246	clone	consolidate	2026-09-05	done 2026-09-05 batch F (ttcut-demux helpers, e0a2d4d4): the per-segment (`!use_onepass`) ffmpeg-extract-and-concat-entry branch is duplicated between the loop body (:946-957) and the tail (:1007-1010), same shape as 
eea696419054961d0799be9f7c4a19ec68e0f9fd	clone	deliberate	2026-09-03	same accessor-idiom sliding-window artifact as the x7 clone above, one class (TTH265SPS) shifted by one line each match; same reasoning applies.
eee84942f937c05c574ce7a3d0a4aafd5dcae4ec	clone	consolidate	2026-09-04	done 2026-09-04 batch D: identical Annex-B start-code scan + 6-bit HEVC NAL-type extraction ((byte>>1)&0x3F) in probeHevcEncoderSeamSps (extern/ttessmartcut.cpp:3288-3296), transformEnc
eeea200fde9bdb36678dbb5685210f8f36f8e6a9	tool	consolidate	2026-09-12	mechanical scope-reduction, no behavior change; target: move the declaration to its first use; reach: 1-2 lines. | ## Part 2 — extra tasks | ### A. Map-listed redundancy candidates (docs/code-map/stream-open-project-load
eefb6d28fa9dd3695207c6cdecec0f81dd6c8948	clone	deliberate	2026-09-12	`countExtraFramesBefore`'s binary search vs its independent reimplementation in `tools/diag/test_extra_index_rank.cpp` — a diagnostic harness deliberately re-implementing the algorithm as an independent oracle (project c
ef0a5bf0b58a551fe166acc4058e8e128fad83f8	clone	deliberate	2026-09-13	same cluster passes as ttavdata.cpp:587-590 (see there)
ef664a291810ed8c021e80d76a1ce40d406fa5ee	clone	consolidate	2026-09-03	ttmpeg2window2.cpp:518-519 `QRect pmRect = currentPixmapRect(); if (pmRect.isEmpty() || videoWidth <= 0 || videoHeight <= 0) return QRect();` is byte-identical 
ef75f3f0e1f79ed0b51fb0e9f89d46734789ac03	tool	consolidate	2026-09-12	done 2026-09-13 run 3 batches A-H (lines rewritten, see git log 5924340b..8788b25f); was: every construction site is `new TTCutProjectData(fInfo)` (verified by repo-wide grep) — no implicit-conversion reliance. | target:
ef7e0554362dd2cf5f3ce2fb738d4d9de1cfc896	tool	deliberate	2026-09-03	every construction site uses `new TTMpeg2Decoder(...)` behind a pointer (gui/ttquickjumpworker.cpp:50, extern/tttranscode.cpp:170, data/ttframesearchtask.cpp:60
ef86c104c532515d8e3866ce2210c89701e17867	convention	deliberate	2026-09-03	"avstream/ttheaderlist.cpp:6 carries the ""Originally TTCut"" marker; legacy-file convention split as above."
efa6bad421bdd05780a39be29fd6f60a1cb2563c	tool	deliberate	2026-09-12	gui/ttcutpreview.h:53 declares `void closeEvent(QCloseEvent* event);` as a `QWidget` virtual event-handler override — invoked by Qt's event dispatch via vtable, invisible to cppcheck's static call-graph analysis (briefin
f02fdeac932c8a3cdd54ff0a4e0a93bc6f6367c9	clone	consolidate	2026-09-03	data/ttcutprojectdata.cpp:461-472 (writeAudioSection), :492-511 (writeRepairSection), :519-539 (writeCutSection), :542-561 (writeMarkerSection) — and writeVideo
f0459a8f201f6a7e4b45be8aaac4642db1e30977	clone	consolidate	2026-09-05	done 2026-09-05 ttcut-demux rest pass: same _ffprobe front end (also _probe_pts_extreme)
f05780409fc58585e1563797609aef6136174a60	tool	consolidate	2026-09-03	"build-package.sh:56 `read -p ""Enter changelog description..."" CHANGELOG_MSG || CHANGELOG_MSG=""""` — free-text changelog input, backslash-mangling is a real (if m"
f05acf6528e8b494ac8b0cd9b58c667a957a600e	tool	consolidate	2026-09-12	done 2026-09-13 run 3 batches A-H (lines rewritten, see git log 5924340b..8788b25f); was: gui/ttcutmainwindow_headless.cpp:63 / gui/ttcutmainwindow.h:145, `void runAutoCutMode(QString projectFile, QString outputPath)` — 
f06956c3f72546b11b0854a5540e5af5bd2f2922	clone	deliberate	2026-09-13	data/ttavdata.cpp:1295-1303 (disconnect exit/aborted; setCurrentAVItem(nullptr); emit readProjectFileAborted) vs 1756-1757 (connect exit/aborted → onCutFinished/onCutAborted) inside otherwise unrelated logic (project-abo
f21ad450956bf00ad0fc60b238a2bd70c6b28423	tool	deliberate	2026-09-12	
f24786a7ebbbe93d75a50f4ca5b4125f8a38bcf6	tool	deliberate	2026-09-12	`#if LIBAVFORMAT_VERSION_INT < AV_VERSION_INT(58, 9, 100)` (extern/ttffmpegwrapper.cpp:103) is standard, correct libav version-guard usage; `AV_VERSION_INT` is defined in `libavutil/version.h`. cppcheck's syntaxError her
f25fdaff57a0feef8056fd50b85455f55a6f1324	clone	consolidate	2026-09-12	"the ""cut i-i"" pairing math (`iPos=(i-1)*2+1`, fetch `item1`/`item2` from the preview cut list) is reimplemented identically in the task's clip-building loop and the GUI's combo-box-label loop; a change to the pairing sch"
f27c128a395785106d11ead6cfd65c5500b10edc	clone	consolidate	2026-09-12	done 2026-09-13 run 3 batches A-H (lines rewritten, see git log 5924340b..8788b25f); was: C12. gui/ttcutmainwindow.cpp:1386-1389 and gui/ttstreampointwidget.cpp:252-255 both run `for (const QString& v : TTStreamPoint::re
f2c33473242039e12776830b09dfc8af38ed6c4a	clone	deliberate	2026-09-04	early-out setter idiom (ttsettings.cpp:412-484), Detection-Thresholds group setters.
f2cbc7f19fdd7b4008271837881ecc0c20a73aac	clone	consolidate	2026-09-12	"done 2026-09-13 run 3 batches A-H (lines rewritten, see git log 5924340b..8788b25f); was: C3, wider window of the onOpenVideoFile/onOpenAudioFile pair. | target/reach: same as the ""455-469"" C3 row."
f2da94c0efd5ed8745587868d4313194c0b98756	tool	deliberate	2026-09-03	called via gui/ttcurrentframe.cpp:244 (itself called from gui/ttcutmainwindow.cpp:1630, :1804) — same cross-file visibility gap as above.
f381859ffb5ca7179dc2e3f7dd374b61c9ff0209	clone	deliberate	2026-09-03	common/ttsettings.cpp:48-88 — Common-Options setter idiom, same as clone x9 (139-163).
f3bfc3920b35baef8b8c8ffecc56908f675b3395	tool	documented	2026-09-04	"docs/code-map/ttcut-demux.md, ""coalesce → assembly"" edge row: ""Rows keep the 4-field CLASSIFIED_FILE shape (src_start src_end gap_ms silence_ms) with src_end =="
f3f93c1281ff2bd16f17c1716b1cb234a13cd568	convention	deliberate	2026-09-03	"extern/tttranscode.cpp:1-6 same ""Originally TTCut (c) 2003-2010"" provenance; the same `/* ////...` section-header comment style recurs consistently at :33-35, :"
f44ad658ae58281d2568c959ea4a4fbd1d7316c9	tool	consolidate	2026-09-12	done 2026-09-13 run 3 batches A-H (lines rewritten, see git log 5924340b..8788b25f); was: confirmed via repo-wide grep — no call site. | target: remove; reach: 1 line.
f489c77cf0d23131bfa03de674a727cc94c6bd50	file-size	consolidate	2026-09-03	same as the TTCutMainWindow class-size row
f4c2f6414eb0dcd1fba14004300e574fad665728	tool	deliberate	2026-09-12	Qt slot stays non-static next to its siblings (run-2 precedent)
f4e06a3eb25e00d4d5d559a78ae04f7aea1d46a4	tool	consolidate	2026-09-12	"barely over threshold; part of the count is the two duplicated ""avcodec call fails → warningMsg → free context → nullptr"" blocks at 141-147/156-162 (idiom class, see above) plus the 4-line repeated `if (logFFmpegDecoder("
f4e1c078b2e3dc3f1bda447ee1b224614d3c010b	clone	consolidate	2026-09-03	"detect_video_gaps_multifile (ttcut-demux:305-353) and detect_audio_gaps_multifile (ttcut-demux:357-417) duplicate the same ""strip trailing comma → regex-validat"
f50bef06bf0749b2094fd4a29cbc7d9c09f11fed	tool	consolidate	2026-09-12	complexity comes largely from the duplicated decode-loop body shared with `isFrameBlack` (see the 901-963/1015-1077 clone above); extracting `decodeFrameForAnalysis`/`drainDecoderEOF` removes most of the branching counte
f578f5d0322c8fac234f8dc70b2ece4966b844d4	convention	deliberate	2026-09-04	comment style, no structure; older forms remain in place per conventions.md
f5aac9fb688085a3ff52a39a3b8c84d3c20f455b	tool	consolidate	2026-09-12	done 2026-09-13 run 3 batches A-H (lines rewritten, see git log 5924340b..8788b25f); was: sits inside the block being extracted into `showImportAsStreamPointsWarning` (#31); target: const-qualify (or drop entirely once t
f5c0b036697b898bd57f895a205f29aeedf4421e	clone	deliberate	2026-09-04	detect_audio_gaps (:207-224, PTS-only) vs detect_video_gaps (:251-269, DTS-driven, PTS reported) share the ffprobe|awk shape but differ in the exact dimension t
f655ee3dfc03a2637fa5e2430d6bb1a19d5fec21	clone	deliberate	2026-09-04	same-file self-clone; each of the 6 blocks (lines 27-83) is `{ TTLeadingPicClassifier c(CODEC_HEVC); expect(...); }` instantiating a genuinely different NAL-seq
f6969303109488527b5115e917efdc342763ea4e	clone	consolidate	2026-09-05	done 2026-09-05 batch F (section/AU/grid helpers, e0a2d4d4): ttcut-pts-analyze.c:172-192 (PAT section: table_id check, section_length/CRC→data_len) vs. 211-232 (PMT section, same skeleton, different post-header field layo
f70e2bdfe93b778118bc3e475646a48065a23ab8	tool	deliberate	2026-09-05	shellcheck cannot see the nameref assignment in _parse_fraction; SC2153 disabled at the call with a note
f74cab941feea2478fb80513db5d228fdab39cfa	clone	deliberate	2026-09-04	both scripts define the same `if [ -t 1 ]; then RED=...; else ...; fi` terminal-color block (ttcut-demux:58-70 vs vdr-demux-example.sh:45-56), each with its own
f757aa3633bce06d6ba7c825c6728a3c0bbf8a05	clone	deliberate	2026-09-04	shared `Recorder`/`Event`/`dirEntries`/`clearDir` scaffolding repeated verbatim across the 5 cut-abort harnesses (test_cutsequence_abort.cpp, test_h26xcut_abort
f773d01c929318e2b6f226f9cab9b86d64eeeaea	convention	deliberate	2026-09-12	"file added in the initial 0.52.0 commit (2026-02-07, `a65ccd22`); its header `ttopenaudiotask.h` already carries `//!`, but the `.cpp`'s `/**` function-doc blocks are original TTCut-ng-era content. conventions.md: ""The o"
f7a8634b0cc14737beb8cea1a188b027a69d1621	tool	consolidate	2026-09-12	done 2026-09-13 run 3 batches A-H (lines rewritten, see git log 5924340b..8788b25f); was: evidence/target/reach: same as #205.
f7aa4a49cd917e3f04ee61f59ddc75b48b993ab2	clone	deliberate	2026-09-12	twin widgets, header declarations; a common base class is a design decision (report block 2, not taken)
f7de4b798e405abec0de21e2496b63474a914d79	clone	deliberate	2026-09-12	"C1, videoWorker/audioWorker wiring tail (overlaps ""1045-1060"" row)."
f88264aac1322e1bef98a5c79efb7c119584ae14	clone	consolidate	2026-09-05	done 2026-09-05 batch F (ttcut-demux helpers, e0a2d4d4): same root cause as row 4 — :1897-1899 sets FRAME_RATE_NUM/DEN, :2158-2160 (`_FR_NUM`/`_FR_DEN`) re-derives the identical current value from `$FRAME_RATE` unnece
f8b062cea4d40f50ed02ad91907016c1f963b9c9	tool	consolidate	2026-09-12	done 2026-09-13 run 3 batches A-H (lines rewritten, see git log 5924340b..8788b25f); was: `QAction* chosen = menu.exec(...)` (gui/ttstreampointwidget.cpp:236) is only used in `==` identity comparisons against the (now-co
f8d04cb082470a1a69495b59ffe986a77f42dd4c	clone	consolidate	2026-09-03	"same underlying duplication as ""clone x3 (gate_audiofix.sh:412-417)"" above (1-line-shifted detection window of the same TTCut-Projectfile XML template vs make_t"
f910a2f9d40dec78ac9e9dcaa558df60a0f7b420	tool	consolidate	2026-09-12	done 2026-09-13 run 3 batches A-H (lines rewritten, see git log 5924340b..8788b25f); was: gui/ttcurrentframe.cpp:956-970, same pattern in `onPlaybackFinished`. | target: `const TTMpeg2VideoStream* mpeg2vs = ...;` | reach
f9143a44220f045dd3aa89380ee4f1ae906ee2b7	tool	consolidate	2026-09-12	done 2026-09-13 run 3 batches A-H (lines rewritten, see git log 5924340b..8788b25f); was: gui/ttcurrentframe.cpp:1153-1160, same pattern — only `h26x->displayOrderMap()` is read. | target: `const TTH26xVideoStream* h26x 
f9293c690c5221e13239809d4544af5570a05bff	tool	consolidate	2026-09-13	done 2026-09-13 batch A: explicit added; the agent's 'module convention' does not hold (21 gui headers with explicit, 21 without), run 3 accepted the same finding as mechanical
f93d991df19d6b996fa86f4cd2ae5e5548408d65	clone	deliberate	2026-09-03	ttcut-ac3fix.c:482-492 is 2 of 7 total `strcmp(argv[i], ...)` branches (grep count) in a hand-rolled long-option parser (no getopt_long since `-b` takes a value
f96362d939f723baea87c245fb3461126eea9f51	tool	consolidate	2026-09-12	done 2026-09-13 run 3 batches A-H (lines rewritten, see git log 5924340b..8788b25f); was: `TTAC3AudioHeader* ac3Hdr = dynamic_cast<...>(hdr);` then only `ac3Hdr->acmod`/`ac3Hdr->lfeon` are read (lines 365-367), never ass
f970d3c66bd35ebecfb856f806ea6050800905a7	clone	consolidate	2026-09-03	gen_audio_ac3 (78-85) and gen_audio_mp2 (87-94) are identical except the codec name (`-c:a ac3` vs `-c:a mp2`) and function name; both take (out, duration=120) 
fa16c08c979e29dcb21f03db7f5a57eb9820353a	convention	deliberate	2026-09-03	whole-file 4-space indent (e.g. ttcut-ac3fix.c:480-493), consistent with the other standalone C tools in this batch (audiofix, burst-probe) and one of 91 projec
fa4c7b4abfe7c1eea9e4975250d50cae135ebb53	clone	deliberate	2026-09-12	C9/C7, connect-sequence idiom.
fa9bdddf5c758157f5bc4fe98678472ecc47020b	tool	deliberate	2026-09-12	same as above.
faa7e15bb575c96fbd98dfc16fee721f216615d3	tool	consolidate	2026-09-12	done 2026-09-13 run 3 batches A-H (lines rewritten, see git log 5924340b..8788b25f); was: ttthreadtaskpool.cpp:100 `TTThreadTask* task = t.next();` inside `cleanUpQueue()` — `task` is only compared to 0 and passed to `di
fb657ce7057473a0162f785d5b9134578fa877ff	clone	deliberate	2026-09-13	"data/ttavdata.cpp:676-682 (TTAVData::showImportAsStreamPointsWarning, modal msgBox.exec()) vs gui/ttcutmainwindow_headless.cpp:269-277 (screenshot-mode simulated ""Stream Integrity Warning"", msgBox.show(); processEvents()"
fb9a035e56d74decfa4fd7134e27d15d154834e7	clone	deliberate	2026-09-04	`check()`+`argc<3` usage-message boilerplate, same idiom as row 12; each file is its own standalone `main`.
fba2b3526a4af82b9292409051c8696cda17e5fc	tool	consolidate	2026-09-12	done 2026-09-13 run 3 batches A-H (lines rewritten, see git log 5924340b..8788b25f); was: evidence/target/reach: mechanical, 1 line.
fbac881ebc458726126cba34bcad7693a7a8c17f	clone	deliberate	2026-09-04	early-out setter idiom (ttsettings.cpp:139-210).
fbcb6371fb32b34bcd4f0313ec0676c1e52ecf23	tool	deliberate	2026-09-12	just over the threshold (26 vs 25); same shape as detectAspectChanges above (AC3 acmod scan + summary); marginal, not a design smell.
fc201697f9a8acbc45f7a8b278aabebebae242f7	clone	consolidate	2026-09-12	"done 2026-09-13 run 3 batches A-H (lines rewritten, see git log 5924340b..8788b25f); was: `TTAVData::deleteElementaryStreams`-equivalent vs `TTMplexProvider::deleteElementaryStreams` — near-identical ""remove file, log re"
fc25e87659b742bd05eb44a678d00eb8142edd51	clone	deliberate	2026-09-12	common/ttsettings.h repeats `T x() const { return mX; } void setX(T v);` 22 times (e.g. h:38-39 `tempDirPath`, h:58-59 `stepSliderClick`); inline getter + declared setter is the header half of the same documented convent
fc36169fe7eadf5a356e1476342f9c0cef639bd6	tool	consolidate	2026-09-12	done 2026-09-13 run 3 batches A-H (lines rewritten, see git log 5924340b..8788b25f); was: same function; only used in `chosen == actDeleteAll` at gui/ttstreampointwidget.cpp:262. | target: `const QAction* actDeleteAll = 
fc3d14200f9a318503de627a4ed90b8ffbf32f2a	tool	deliberate	2026-09-12	QString/value bundle getters return by value like the project majority; implicitly shared (run-2 precedent lastError())
fc6a4ba29b4d62f15ed792814602a346c5d215a1	class-size	unsure	2026-09-03	gui/ttcurrentframe.cpp implements exactly one class, TTCurrentFrame (verified: only `TTCurrentFrame::` qualifies out-of-line definitions in the file, ~43-53 by 
fcb843a35a9517feca54caa352abcf09bce5d3c6	clone	deliberate	2026-09-13	"ttcurrentframe.cpp:748-751 (mux task finished/aborted), ttcutmainwindow.cpp:1042-1043/1153-1154 (analysis tasks), :330-338 (navigation wiring) — generic ""connect(sig1); connect(sig2);"" shape across unrelated purposes; tw"
fdb76c161061e82451c1be3df769ac6c3bd80990	tool	consolidate	2026-09-03	make_test_video.sh:275 `local START=$(date +%s)` inside generate_h264_1080i_paff masks the command's exit status; shellcheck (SC2155) is correct and the fix is 
fde4d36765191b9e658f9923b21e01f1df168612	tool	consolidate	2026-09-12	done 2026-09-13 run 3 batches A-H (lines rewritten, see git log 5924340b..8788b25f); was: same `onContextMenu` function (gui/ttstreampointwidget.cpp:173-262); only used in `chosen == actDelete`. | target: `const QAction*
fe640907d5330b3794b65e5c89ab24eae9fd85b9	clone	documented	2026-09-13	mainwindow.cpp:2226-2243 (onSearchBlackFrame), :2323-2340 (onSearchSceneChange), :2545-2564 (onSearchLogo): guard, DirectedSearchSource, task ctor, launchDirectedSearch — the glue left after run 3 batch G (026aa9fb, dete
fe9f2fbf55acf60741980a0b110eea965494a4d4	convention	deliberate	2026-09-03	tools/ttcut-screenshots.sh:12 `set -euo pipefail` — already the strictest flag combination used in the repo (shared with 5 tools/diag gate scripts per conventio
fe9f94173f239032f9b42a1f8a1fa7fe00f710c3	clone	deliberate	2026-09-03	list classes differ in signal semantics (clear/remove/update/swap); shared part ~50 lines per class, rulings.md batch D
fed05ee2bcd276b6a833dad2a507d13129c1e1e9	clone	deliberate	2026-09-12	"SmartCut init + `setDisplayOrderMap` block in `createH264PreviewClip` (task) vs `regenerateSmartCutPreviewClip` (GUI) — same block also at #32; the two functions are the map-documented ""two preview paths"" (audio-cut-timi"
ff0d672df0fa44f68b72a4024e78fad67f92c065	clone	consolidate	2026-09-12	"same `updateQualityUI` triplication as row ""118-124"" above (overlapping window). | target/reach: same as that row."
ff4d3cf4034713222abc885b02862a06fc499fbf	clone	deliberate	2026-09-04	`int main(int argc,char** argv){ QCoreApplication app(argc,argv); if(argc<N){ usage; return 2;} }` — the unavoidable CLI-entry idiom every standalone diag execu
ffc511c7a4df4de87b285d228c9a677f72e1821e	tool	consolidate	2026-09-12	`TTAVData` has UNPREFIXED pointer members `openVideoTask`/`openAudioTask`/`openSubtitleTask` (ttavdata.h:255-257) that violate the project's own `mp`-prefix convention for pointer members (docs/conventions.md `cpp/member
